Number,Water Depth,Latitude,Longitude,Region,Abundance,Species,Genus,Total
1334,0,52.41,-4.08,Greenland,0.033333333,0.333333333,0.333333333,60
1332,1,50.74,-2.38,Greenland,0.016666667,0.333333333,0.333333333,60
1338,1,52.78,-56.12,Baffin,0.395112016,0.4,0.375,491
341,1,60.93,-46.06,Baffin,0.976989453,0.8,0.666666667,1043
184,1,69.66,-134.53,Beaufort,0,0,0,210
786,1,70.08,30.13,Barents,0.402116402,0.538461538,0.454545455,189
211,1,70.45,-148.75,Beaufort,0.371428571,0.142857143,0.142857143,70
223,1.5,70.44,-148.785,Beaufort,0,0,0,60
226,1.5,70.47,-148.85,Beaufort,0.055928412,0.166666667,0.166666667,447
227,1.8,70.43,-148.67,Beaufort,0.267368421,0.222222222,0.222222222,475
225,1.8,70.59,-151.96,Beaufort,0.017857143,0.4,0.4,168
196,2,69.36,-136.08,Beaufort,0.327868852,0.2,0.2,61
659,2,69.65,18,Barents,0.29143898,0.294117647,0.230769231,549
228,2,70.44,-148.73,Beaufort,0.392857143,0.2,0.2,56
307,2.3,70.468,-151.75,Beaufort,0,0,0,68
314,2.5,70.16,-146.09,Beaufort,0.176767677,0.25,0.272727273,396
33,2.6,70.92,-153.63,Beaufort,0.242105263,0.125,0.111111111,95
195,3,69.29,-137.08,Beaufort,0.360655738,0.25,0.25,61
183,3,69.62,-135.87,Beaufort,0.05,0.166666667,0.166666667,120
188,3,69.78,-132.07,Beaufort,0.011532125,0.142857143,0.125,607
315,3,70.19,-146.38,Beaufort,0.5,0.285714286,0.333333333,468
320,3,70.22,-147.54,Beaufort,0.218181818,0.125,0.142857143,110
325,3,70.62,-150.48,Beaufort,0.075376884,0.2,0.230769231,199
333,3.2,70.7,-152.33,Beaufort,0.295043273,0.25,0.25,1271
219,3.5,70.374,-147.737,Beaufort,0.120879121,0.2,0.230769231,91
366,4,69.655,-141.356,Beaufort,0.034550839,0.125,0.142857143,1013
365,4,69.656,-141.281,Beaufort,0.022328549,0.25,0.25,627
232,4,70.203,-146.5,Beaufort,0.207986689,0.25,0.266666667,601
214,4,70.46,-148.77,Beaufort,0.233082707,0.25,0.25,133
316,4.5,70.13,-146.66,Beaufort,0.211111111,0.363636364,0.363636364,270
35,4.5,71.33,-156.09,Beaufort,0.571428571,0.333333333,0.333333333,21
357,5,69.675,-141.319,Beaufort,0.090909091,0.142857143,0.142857143,165
318,5,70.29,-147.03,Beaufort,0.120987654,0.25,0.266666667,405
217,5,70.558,-149.457,Beaufort,0.276515152,0.166666667,0.166666667,264
317,5.5,70.13,-147.03,Beaufort,0.186567164,0.25,0.285714286,134
220,5.8,70.316,-147.557,Beaufort,0.120481928,0.416666667,0.3,166
215,5.8,70.56,-149.45,Beaufort,0.325301205,0.142857143,0.142857143,166
339,6,60.97,-46.53,Baffin,0.669421488,0.6,0.5,121
673,6,69.98,18.67,Barents,0.296089385,0.461538462,0.444444444,716
189,6,69.99,-132.05,Beaufort,0.351648352,0.166666667,0.166666667,91
306,6,70.272,-146.85,Beaufort,0.008695652,0.111111111,0.166666667,230
321,6,70.35,-147.89,Beaufort,0.549019608,0.166666667,0.142857143,51
230,6,70.359,-147.697,Beaufort,0.464285714,0.142857143,0.142857143,56
213,6,70.47,-148.77,Beaufort,0.181818182,0.125,0.111111111,33
222,6.2,70.278,-147.405,Beaufort,0.063829787,0.2,0.2,47
221,6.5,70.303,-147.497,Beaufort,0.181818182,0.333333333,0.357142857,132
382,6.7,70.30769,-161.3804,Chukchi,0.032679739,0.111111111,0.111111111,153
238,7,69.77,-132.7,Beaufort,0.003333333,0.25,0.25,300
358,7,69.989,-142.518,Beaufort,0.26744186,0.111111111,0.125,86
319,7,70.28,-147.36,Beaufort,0.058461538,0.375,0.428571429,325
915,7,70.66583,161.14917,Siberian,0,0,0,73
323,7.1,70.36,-147.5,Beaufort,0.163002274,0.275862069,0.368421053,1319
342,8,60.97,-46.53,Baffin,0.961805556,0.571428571,0.5,288
296,8,63.27,-163.25,Chukchi,0.166666667,0.285714286,0.285714286,30
241,8,63.35,-163.12,Chukchi,0.676470588,0.333333333,0.333333333,68
185,8,69.53,-137.06,Beaufort,0.037735849,0.166666667,0.166666667,53
186,8,69.78,-132.84,Beaufort,0.556440903,0.166666667,0.166666667,753
917,8,70.03972,161.34806,Siberian,0,0,0,9
191,8,70.26,-130.08,Beaufort,0.450413223,0.2,0.2,242
324,8,70.47,-148.4,Beaufort,0.103082852,0.380952381,0.368421053,1038
177,8.5,70.583,-150,Beaufort,0,0,0,73
259,9,63.661,-162.491,Chukchi,0,0,0,6
661,9,69.65,18,Barents,0.329787234,0.222222222,0.2,282
914,9,71.17722,161.03972,Siberian,0,0,0,1
246,10,63.483889,-163.934167,Chukchi,0.25,0.25,0.25,4
378,10,63.53,-165.73,Chukchi,0.047263682,0.375,0.333333333,804
1047,10,69.12617,169.28517,Siberian,0.293260474,0.166666667,0.181818182,549
918,10,69.64583,164.72361,Siberian,0,0,0,36
672,10,69.68,18.67,Barents,0.489795918,0.25,0.272727273,245
187,10,69.91,-132.82,Beaufort,0.043478261,0.090909091,0.125,207
895,10,72.33889,80.43972,Kara,0,0,0,3
911,10,72.74583,149.28806,Laptev,0,0,0,5
83,10.05,67.8833333,-165.3,Chukchi,0,0,0,1
212,10.2,70.48,-144.72,Beaufort,0.183673469,0.416666667,0.4,49
1049,10.4,68.85867,170.016,Siberian,0.286036036,0.153846154,0.166666667,444
224,10.5,70.504,-148.32,Beaufort,0.489795918,0.285714286,0.285714286,49
387,10.8,70.35409,-161.75108,Chukchi,0.04601227,0.166666667,0.166666667,326
338,11,60.83,-46.8,Baffin,0.971698113,0.714285714,0.6,106
1051,11,69.17533,170.58367,Siberian,0.01217656,0.111111111,0.125,657
1054,11,69.5195,170.43283,Siberian,0.050535988,0.2,0.222222222,3918
216,11,70.573,-149.447,Beaufort,0.054726368,0.266666667,0.266666667,402
595,11,71.68,137,Laptev,1,1,1,23
861,11,72.05,81.6,Kara,0,0,0,3
812,11,72.29,80.03,Kara,1,1,1,1
891,11,72.33333,72.33333,Kara,0,0,0,82
894,11,73.00472,78.37306,Kara,0.052631579,0.166666667,0.2,38
660,12,69.65,18,Barents,0.289527721,0.3,0.285714286,487
190,12,70.07,-131.2,Beaufort,0.098901099,0.153846154,0.2,364
839,12,70.734,-151.593,Beaufort,0.032258065,0.2,0.2,31
837,12,71.019,-153.253,Beaufort,0.085714286,0.166666667,0.166666667,35
838,12,71.379,-156.039,Beaufort,0.025210084,0.333333333,0.333333333,119
938,12,72.09,81.7,Kara,0,0,0,1
890,12,73.02444,75.59139,Kara,0.005813953,0.1,0.125,1032
903,12,73.98717,117.962,Laptev,0.024291498,0.1,0.111111111,247
303,12.5,70.266,-146.608,Beaufort,0.038961039,0.125,0.111111111,154
1048,13,68.9905,169.64617,Siberian,0.037037037,0.166666667,0.142857143,270
1050,13,69.017,170.301,Siberian,0.014364641,0.2,0.214285714,905
1044,13,69.888,169.67383,Siberian,0.005900919,0.3,0.333333333,7287
304,13,70.287,-146.703,Beaufort,0.166666667,0.125,0.125,30
193,13,70.41,-128.79,Beaufort,0.237554585,0.142857143,0.166666667,1145
322,13,70.43,-147.52,Beaufort,0.120689655,0.2,0.272727273,58
332,13,70.54,-148.16,Beaufort,0.516666667,0.2,0.25,60
335,13,70.61,-150.41,Beaufort,0.080586081,0.214285714,0.25,273
913,13,72.34667,151.06139,Siberian,0,0,0,44
476,13,72.875,78.123,Kara,0.125,0.333333333,0.5,8
1014,13,73,132.27,Laptev,0,0,0,9
231,13.4,70.267,-146.5,Beaufort,0.169354839,0.181818182,0.181818182,124
302,13.5,70.133,-145.558,Beaufort,0.025,0.142857143,0.166666667,40
305,13.5,70.593,-149.273,Beaufort,0.064516129,0.2,0.2,31
81,13.71,66.1166667,-167.8333333,Chukchi,0,0,0,7
248,14,63.669167,-161.216667,Chukchi,0.037037037,0.25,0.25,27
240,14,63.68,-161.22,Chukchi,0.078431373,0.285714286,0.285714286,51
300,14,65.287,-166.647,Chukchi,0,0,0,1
968,14,68.92,73.67,Kara,0,0,0,0
194,14,69.79,-129.74,Beaufort,0.454545455,0.285714286,0.25,77
199,14,69.97,-134.74,Beaufort,0.038961039,0.3,0.285714286,308
674,14,69.98,18.67,Barents,0.292072323,0.266666667,0.307692308,719
229,14,70.594,-149.43,Beaufort,0.107142857,0.125,0.125,28
234,14,70.642,-150.5,Beaufort,0.096153846,0.230769231,0.25,104
392,14,70.8476,-158.17605,Beaufort,0,0,0,3
391,14,70.87287,-158.19676,Beaufort,0.051148225,0.181818182,0.2,958
331,14,70.99,-150.79,Beaufort,0,0,0,326
594,14,72.03,130.13,Laptev,0,0,0,54
817,14,72.19,74.19,Kara,0,0,0,2
679,14,74,125.98,Laptev,0,0,0,7
902,14,74.01333,115.95617,Laptev,0.058823529,0.125,0.142857143,85
477,14,75.423,79.68,Kara,0.1,0.2,0.25,10
313,14.1,70.519,-148.173,Beaufort,0.187969925,0.25,0.333333333,1330
84,14.63,65.7,-168.7,Chukchi,0,0,0,1
340,15,60.97,-46.25,Baffin,0.928571429,0.5,0.428571429,168
301,15,63.221,-165.208,Chukchi,0,0,0,16
1052,15,69.175,169.88117,Siberian,0.229965157,0.285714286,0.25,287
469,15,69.63,60.115,Kara,0.142857143,0.2,0.2,77
1045,15,69.63433,169.55217,Siberian,0.001682793,0.1,0.111111111,4754
921,15,70.23167,170.10028,Siberian,0,0,0,8
326,15,71.01,-152.2,Beaufort,0.02173913,0.125,0.166666667,46
969,15,72.25,73.25,Kara,0,0,0,12
912,15,72.56694,150.93556,Siberian,0,0,0,40
478,15,72.898,80.812,Kara,0.125,0.25,0.25,8
66,15,74.44,142.72,Laptev,0,0,0,4
1333,15,76.22,62.67,Kara,0.433968254,0.272727273,0.285714286,3150
883,15,76.94,15.29,Barents,0.057670127,0.555555556,0.555555556,867
79,15.24,66.1,-167.7166667,Chukchi,0,0,0,11
377,16,64.22,-164.34,Chukchi,0.111111111,0.222222222,0.25,27
664,16,69.7,18.1,Barents,0.389312977,0.277777778,0.333333333,262
370,16,70.017,-142.522,Beaufort,0.319148936,0.3125,0.3125,235
204,16,70.158,-144.367,Beaufort,0.116666667,0.142857143,0.25,60
101,16,70.5,-129.38,Beaufort,0.038461538,0.153846154,0.2,130
919,16,70.72972,164.65583,Siberian,0,0,0,2
334,16,71,-151.35,Beaufort,0.681081081,0.166666667,0.142857143,185
818,16,72.51,74.73,Kara,0,0,0,7
863,16,72.57,79.92,Kara,0.064102564,0.125,0.142857143,78
816,16,72.86,73.94,Kara,0,0,0,34
910,16,73.8775,126.55567,Laptev,0.033057851,0.142857143,0.166666667,242
905,16,74.73733,116.1145,Laptev,0.181818182,0.285714286,0.285714286,22
178,16.2,70.675,-150,Beaufort,0.024390244,0.090909091,0.125,82
364,16.5,69.754,-141.444,Beaufort,0.221698113,0.238095238,0.333333333,212
386,16.5,70.45207,-161.96241,Chukchi,0.083333333,0.111111111,0.125,192
385,16.7,70.4071,-161.77314,Chukchi,0.043715847,0.142857143,0.142857143,183
86,16.76,65.9333333,-167.65,Chukchi,0,0,0,1
242,17,63.32,-165.33,Chukchi,0.046511628,0.4,0.4,43
251,17,63.473,-165.327,Chukchi,0,0,0,8
239,17,64.4,-161.85,Chukchi,0.212765957,0.272727273,0.272727273,47
207,17,70.327,-146.5,Beaufort,0.086206897,0.142857143,0.181818182,58
390,17,70.9099,-158.21192,Beaufort,0.003546099,0.125,0.142857143,282
824,17,72.49,79.76,Kara,0,0,0,25
823,17,73.09,78.51,Kara,0.142857143,0.25,0.25,35
819,17,73.24,74.03,Kara,0.153846154,0.2,0.25,26
892,17,73.85361,74.69111,Kara,0.222222222,0.2,0.2,54
906,17,75.48067,114.0445,Laptev,0.317073171,0.307692308,0.333333333,164
329,17.2,70.98,-150.72,Beaufort,0.301369863,0.2,0.25,146
312,17.5,70.955,-150.635,Beaufort,0.25,0.3125,0.416666667,116
252,18,63.301,-165.055,Chukchi,0,0,0,29
245,18,64,-162.42,Chukchi,0,0,0,255
274,18,64.001111,-162.425556,Chukchi,0,0,0,61
375,18,64.08,-165.48,Chukchi,0.001828154,0.25,0.25,547
275,18,64.385,-161.851111,Chukchi,0.042553191,0.25,0.25,47
112,18,70.15,-166,Chukchi,0,0,0,2
102,18,70.37,-130.52,Beaufort,0.084507042,0.272727273,0.285714286,71
179,18,70.467,-150,Beaufort,0,0,0,33
359,18,70.62,-148.146,Beaufort,0.188235294,0.307692308,0.5,85
371,18,70.62,-148.127,Beaufort,0.21192053,0.210526316,0.3,151
235,18,70.708,-150.5,Beaufort,0.083333333,0.294117647,0.333333333,72
592,18,72,130.98,Laptev,0,0,0,26
896,18,73.00583,80.09083,Kara,0,0,0,23
1017,18,74.35,129.92,Laptev,0,0,0,9
909,18,74.86917,121.94933,Laptev,0,0,0,64
574,18,76.94,15.82,Barents,0.731958763,0.315789474,0.333333333,97
566,18,78.9,11.8,Greenland,0.607142857,0.625,0.714285714,28
567,18,78.9,11.8,Greenland,0.548387097,0.5,0.5,31
568,18,78.9,11.8,Greenland,0.64,0.454545455,0.555555556,25
569,18,78.9,11.8,Greenland,0.6,0.666666667,0.666666667,45
570,18,78.9,11.8,Greenland,0.636363636,0.444444444,0.571428571,33
85,18.28,66.1833333,-167.75,Chukchi,0.333333333,0.25,0.25,6
369,18.5,70.031,-142.536,Beaufort,0.142857143,0.307692308,0.3,56
237,18.7,70.58,-129.41,Beaufort,0.050348567,0.1875,0.222222222,1291
100,19,70,-132.53,Beaufort,0.049180328,0.1,0.111111111,61
327,19,70.24,-146.03,Beaufort,0.074418605,0.2,0.272727273,215
389,19,70.95229,-158.28459,Beaufort,0.080882353,0.272727273,0.272727273,136
209,19,70.99,-150.533,Beaufort,0.251908397,0.3,0.333333333,131
388,19,70.99737,-158.54305,Beaufort,0.168996188,0.181818182,0.2,787
110,19,71.08333333,-155.0833333,Beaufort,0,0,0,1
893,19,73.83,77.11556,Kara,0,0,0,13
907,19,75.46067,116.04817,Laptev,0.126984127,0.230769231,0.230769231,126
573,19,78.9,11.8,Greenland,0.548387097,0.428571429,0.5,31
218,19.5,70.517,-147.818,Beaufort,0.182926829,0.142857143,0.2,164
236,19.5,70.67,-128.53,Beaufort,0.390654206,0.136363636,0.25,535
337,19.8,70.71,-149.43,Beaufort,0.514285714,0.142857143,0.166666667,70
180,19.8,70.87,-150.5,Beaufort,0.00729927,0.2,0.222222222,274
80,19.81,66.1833333,-167.5833333,Chukchi,0,0,0,3
724,20,59.468,-166.467,Chukchi,0,0,0,0
725,20,59.782,-166.64,Chukchi,0,0,0,6
257,20,64.002,-165.486,Chukchi,0,0,0,53
374,20,64.15,-165.39,Chukchi,0.151515152,0.25,0.25,66
928,20,69.63472,177.50194,Siberian,0.09375,0.166666667,0.166666667,32
762,20,69.6672,177.1683,Siberian,0,0,0,24
182,20,69.71,-136.13,Beaufort,0.620967742,0.2,0.2,124
113,20,70.03333333,-165.1,Chukchi,0,0,0,4
916,20,70.04417,164.75917,Siberian,0,0,0,72
472,20,70.292,66.168,Kara,0.166666667,0.333333333,0.333333333,12
192,20,70.5,-130.18,Beaufort,0.180232558,0.266666667,0.272727273,172
900,20,74.032,112.714,Laptev,0.008928571,0.2,0.25,112
904,20,74.73767,117.98783,Laptev,0.22,0.285714286,0.333333333,50
1043,20.8,72.53833,136.15933,Laptev,0.087140838,0.142857143,0.181818182,2123
253,21,63.045,-165.906,Chukchi,0,0,0,15
125,21,70.01666667,-168,Chukchi,0.8,0.5,0.5,10
336,21,70.71,-149.27,Beaufort,0.145833333,0.277777778,0.384615385,144
330,21,70.99,-150.82,Beaufort,0.204545455,0.214285714,0.230769231,88
939,21,71.82,82.45,Kara,0,0,0,1
63,21,72.4,155.23,Siberian,0,0,0,1
593,21,72.55,131.3,Laptev,0,0,0,5
889,21,72.67222,73.46111,Kara,0.044303797,0.142857143,0.181818182,158
820,21,73.46,74.87,Kara,0.06557377,0.1,0.111111111,61
787,21,73.47,131.65,Laptev,0.083333333,0.4,0.4,24
756,21,73.79,120.31,Laptev,0.6,0.4,0.4,10
82,21.33,66.0333333,-167.7,Chukchi,0,0,0,2
276,22,64.069167,-164.419167,Chukchi,0,0,0,13
107,22,69.75,-136.65,Beaufort,0.087591241,0.222222222,0.142857143,137
201,22,69.79,-135.52,Beaufort,0.415948276,0.142857143,0.2,464
197,22,69.97,-135.79,Beaufort,0.042145594,0.363636364,0.375,261
759,22,69.9997,172.3362,Siberian,0,0,0,5
309,22,70.815,-150.035,Beaufort,0.009090909,0.076923077,0.1,110
755,22,73.38,129.95,Laptev,0,0,0,2
788,22,73.57,131.27,Laptev,0,0,0,32
56,22,73.57,131.42,Laptev,0,0,0,2
1022,22,74,131,Laptev,0,0,0,7
571,22,78.9,11.8,Greenland,0.861111111,0.428571429,0.5,36
1556,22.3,70.6915,-148.44333,Beaufort,0.105691057,0.266666667,0.4,123
1567,22.4,70.679,-148.90783,Beaufort,0.1375,0.25,0.363636364,320
363,23,69.786,-141.37,Beaufort,0.131782946,0.125,0.2,129
233,23,70.817,-150,Beaufort,0.010526316,0.090909091,0.111111111,95
310,23,70.83,-150.202,Beaufort,0.018404908,0.125,0.2,163
822,23,73.42,78.81,Kara,0.005181347,0.125,0.166666667,193
1015,23,73.6,130.75,Laptev,0,0,0,5
565,23,78.9,11.8,Greenland,0.860335196,0.333333333,0.454545455,179
572,23,78.9,11.8,Greenland,0.642857143,0.6,0.5,42
368,23.5,70.056,-142.488,Beaufort,0.217741935,0.277777778,0.384615385,124
430,23.7,70.7267,-160.175,Chukchi,0.423076923,0.444444444,0.444444444,26
149,24,69,-164.1,Chukchi,0.033333333,0.25,0.285714286,60
95,24,69.45,-137.17,Beaufort,0.288135593,0.333333333,0.285714286,59
124,24,70,-167.0166667,Chukchi,0.142857143,0.25,0.25,7
926,24,70.10361,171.64806,Siberian,0.125,0.125,0.142857143,48
379,24,70.663,-148.297,Beaufort,0.166666667,0.214285714,0.3,72
168,24,70.733,-148.8,Beaufort,0.100840336,0.181818182,0.25,119
967,24,70.83,73.74,Kara,0,0,0,2
175,24,71.125,-153,Beaufort,0.122807018,0.125,0.166666667,57
1024,24,73.08,131,Laptev,0,0,0,5
901,24,73.995,113.94533,Laptev,0.307692308,0.2,0.2,26
311,24.5,70.91,-150.305,Beaufort,0,0,0,61
721,25,59.417,-167.582,Chukchi,0,0,0,11
256,25,63.696,-165.764,Chukchi,0,0,0,77
14,25,64.2,-76.5,Baffin,0,0,0,3
15,25,64.2,-76.5,Baffin,0.380136986,0.266666667,0.368421053,292
2,25,66.09,-84.99,Baffin,0.55,0.388888889,0.384615385,120
10,25,66.4,-83.62,Baffin,0.31372549,0.466666667,0.461538462,51
13,25,66.53,-83.88,Baffin,0.197142857,0.333333333,0.470588235,350
31,25,69.37,-81.8,Baffin,0.379032258,0.428571429,0.454545455,124
89,25,69.7,-139.7,Beaufort,0.383753501,0.185185185,0.294117647,357
203,25,70.22,-143.43,Beaufort,0.045454545,0.142857143,0.2,44
923,25,70.88389,170.16389,Siberian,0,0,0,1
328,25,70.92,-150.72,Beaufort,0.204545455,0.125,0.142857143,44
862,25,71.04,83.2,Kara,0,0,0,0
475,25,73.113,72.688,Kara,0,0,0,6
1023,25,73.5,131,Laptev,0.105263158,0.142857143,0.142857143,19
814,25,73.76,79.48,Kara,0,0,0,8
888,25,73.8425,73.8425,Kara,0.027522936,0.230769231,0.272727273,218
67,25,74.5,140.43,Laptev,0,0,0,14
885,25,77.09,16.19,Barents,0.681818182,0.444444444,0.5,44
723,26,59.268,-166.953,Chukchi,0,0,0,4
17,26,63,-67,Baffin,0.65,0.461538462,0.454545455,20
8,26,66.12,-83.7,Baffin,0.471032746,0.272727273,0.3125,397
9,26,66.12,-83.7,Baffin,0.161290323,0.25,0.3,62
6,26,66.13,-84.63,Baffin,0.392330383,0.346153846,0.315789474,339
7,26,66.13,-84.63,Baffin,0.413333333,0.368421053,0.375,300
12,26,66.13,-84.59,Baffin,0.542274052,0.388888889,0.5,343
5,26,66.22,-83.58,Baffin,0.362831858,0.25,0.3,339
4,26,66.5,-83.83,Baffin,0.375609756,0.35,0.352941176,205
779,26,67.4827,-174.3515,Chukchi,0,0,0,4
122,26,69.01666667,-166.1166667,Chukchi,0.2,0.333333333,0.333333333,5
141,26,69.05,-164.1166667,Chukchi,0.125,0.285714286,0.285714286,24
133,26,69.1,-166.0333333,Chukchi,0,0,0,0
1123,26,70.0231,-163.76119,Chukchi,0.3,0.2,0.2,10
150,26,70.26,-143.67,Beaufort,0.305084746,0.176470588,0.25,59
153,26,70.3,-146.08,Beaufort,0.048611111,0.142857143,0.2,144
206,26,70.357,-146.6,Beaufort,0.020833333,0.2,0.3,240
171,26,70.69,-148.37,Beaufort,0.234042553,0.230769231,0.333333333,47
64,26,72.83,155.33,Siberian,0,0,0,2
62,26,72.93,160.25,Siberian,0,0,0,1
821,26,74,74,Kara,0.008928571,0.1,0.111111111,112
26,26,74.1,-21.8,Greenland,0.175257732,0.2,0.272727273,97
1016,26,74.12,126.42,Laptev,0,0,0,20
908,26,75.49733,117.9815,Laptev,0.054794521,0.090909091,0.090909091,73
720,27,59.767,-167.737,Chukchi,0,0,0,2
461,27,61.42,-167.83,Chukchi,0,0,0,7
345,27,61.78667,-168.14333,Chukchi,0,0,0,36
255,27,63.577,-166.086,Chukchi,0,0,0,9
1340,27,63.58,-166.09,Chukchi,0,0,0,61
470,27,69.8,61.68,Kara,0.4,0.25,0.25,10
60,27,69.83,165.02,Siberian,0,0,0,4
156,27,70.22,-148.07,Beaufort,0.092827004,0.176470588,0.3,237
922,27,70.47861,170.03722,Siberian,0,0,0,16
925,27,70.61944,170.81306,Siberian,0.045454545,0.2,0.25,22
308,27,70.858,-149.853,Beaufort,0.063291139,0.230769231,0.333333333,79
924,27,70.88583,170.19,Siberian,0,0,0,44
1172,27,71.128,-152.294,Beaufort,0.03943662,0.2,0.307692308,355
1452,27,72.10463333,-162.1134167,Chukchi,0.933333333,0.5,0.5,15
825,27,73.13,79.95,Kara,0.079365079,0.166666667,0.166666667,63
970,27,73.2,73.03,Kara,0,0,0,3
809,27,74.5,74,Kara,0.012578616,0.1,0.111111111,159
254,28,63.438,-166.492,Chukchi,0,0,0,15
130,28,69,-166.0666667,Chukchi,0,0,0,17
966,28,74.58,72.25,Kara,0.2,0.25,0.333333333,5
465,28,75.54,19.19,Barents,0.650793651,0.3,0.333333333,189
1194,28.6,72.0882,-161.7151833,Chukchi,1,1,1,3
78,28.95,66.2,-168.0166667,Chukchi,0.25,0.285714286,0.285714286,16
250,29,65.7025,-168.167222,Chukchi,0.117647059,0.166666667,0.166666667,17
471,29,69.417,66.252,Kara,0,0,0,7
1107,29,71.6648,179.499,Siberian,0,0,0,8
1093,29.05,72.11741667,-162.0302,Chukchi,0.5,0.5,0.5,2
433,29.3,70.7117,-160.27,Chukchi,0.25,0.333333333,0.333333333,8
87,29.87,66.01666667,-167.9833333,Chukchi,1,1,1,2
726,30,59.95,-167.333,Chukchi,1,1,1,1
16,30,64.13,-83.07,Baffin,0.750769231,0.416666667,0.444444444,325
1335,30,65.58,-37.18,Greenland,0.117346939,0.214285714,0.272727273,196
804,30,66.708,-168.4,Chukchi,0.26,0.5,0.5,100
971,30,66.71026667,-168.4007833,Chukchi,0.484375,0.307692308,0.363636364,64
111,30,69.08333333,-163.0666667,Chukchi,0.066666667,0.333333333,0.333333333,30
930,30,69.31944,180,Siberian,0.4375,0.333333333,0.333333333,16
362,30,69.818,-141.259,Beaufort,0.023696682,0.055555556,0.090909091,211
758,30,70.1668,172.0688,Siberian,0,0,0,2
657,30,71.985278,-165.350556,Chukchi,0.384615385,0.25,0.333333333,13
827,30,74.3,74.33,Kara,0,0,0,7
21,30,76.46,-70.21,Baffin,0.36163522,0.318181818,0.375,318
1329,30,79.95,50.02,Barents,0.362989324,0.315789474,0.375,281
1192,30.8,72.2221,-162.13285,Chukchi,0.090909091,0.166666667,0.166666667,11
244,31,65.13,-167.6,Chukchi,0.230769231,0.285714286,0.285714286,26
1429,31,69.59111111,-164.7913889,Chukchi,0.137931034,0.230769231,0.3,58
154,31,70.35,-146.57,Beaufort,0.034188034,0.214285714,0.3,117
162,31,70.42,-148.37,Beaufort,0.127906977,0.166666667,0.25,86
1552,31,71.16433,-152.25533,Beaufort,0.25,0.2,0.2,40
176,31,71.42,-154.47,Beaufort,0,0,0,19
828,31,74.25,75.61,Kara,0.12962963,0.25,0.285714286,54
899,31,74.76183,113.99883,Laptev,0.091836735,0.181818182,0.222222222,98
22,31,76.55,-68.9,Baffin,0.455958549,0.238095238,0.357142857,193
1083,31.3,64.202,-166.816,Chukchi,0,0,0,23
1193,31.4,72.22401667,-162.1284667,Chukchi,0.25,0.333333333,0.333333333,4
1568,31.9,70.81566,-148.8385,Beaufort,0.108108108,0.166666667,0.25,37
718,32,59.492,-168.45,Chukchi,0,0,0,56
716,32,59.565,-168.21,Chukchi,0,0,0,46
717,32,59.663,-168.48,Chukchi,0.059701493,0.2,0.2,67
361,32,69.885,-141.242,Beaufort,0.073684211,0.05,0.083333333,190
123,32,70.13333333,-166.1166667,Chukchi,0.25,0.333333333,0.333333333,4
760,32,70.1687,172.8358,Siberian,0,0,0,2
491,32,70.265,58.507,Kara,0.090909091,0.2,0.166666667,11
208,32,70.992,-149.567,Beaufort,0.234375,0.2,0.222222222,64
1020,32,74.55,130.32,Laptev,0,0,0,3
1021,32,74.62,130.02,Laptev,0,0,0,5
68,32,76.43,129.88,Laptev,0.172413793,0.307692308,0.363636364,58
1082,32.1,63.844,-167.603,Chukchi,0,0,0,15
1116,33,62.52116667,-168.9701667,Chukchi,0,0,0,5
144,33,69.11666667,-165.1333333,Chukchi,0,0,0,2
90,33,69.18,-137.95,Beaufort,0.144329897,0.25,0.3,97
668,33,69.67,18.03,Barents,0.208860759,0.25,0.222222222,316
108,33,69.83,-136.87,Beaufort,0.086206897,0.428571429,0.333333333,58
152,33,70.42,-146.13,Beaufort,0.094339623,0.2,0.285714286,53
161,33,70.718,-148.317,Beaufort,0.243902439,0.181818182,0.25,41
1474,33,71.975,-162.0771667,Chukchi,0.307692308,0.2,0.2,13
61,33,73.7,155.4,Siberian,0,0,0,38
941,33,74,80.02,Kara,0,0,0,3
790,33,74.95,130.57,Laptev,0,0,0,97
793,33,75.95,132.07,Laptev,0.291666667,0.2,0.25,48
792,33,75.95,132.1,Laptev,0.38961039,0.2,0.222222222,77
1428,33.4,68.30111667,-166.9147167,Chukchi,0.163461538,0.210526316,0.222222222,208
20,34,63,-67.45,Baffin,0.426282051,0.375,0.416666667,312
982,34,66.71058333,-168.3987333,Chukchi,0.125,0.2,0.2,8
1377,34,66.71083333,-168.3991667,Chukchi,0.2,0.285714286,0.333333333,10
929,34,69.68528,178.46861,Siberian,0.043478261,0.125,0.125,23
360,34,69.882,-141.147,Beaufort,0.090225564,0.157894737,0.25,133
920,34,70.3275,168.26806,Siberian,0.153846154,0.1,0.125,65
826,34,74.3,78.33,Kara,0.277777778,0.142857143,0.166666667,18
789,34,74.6,130.13,Laptev,0,0,0,43
791,34,75.97,132.15,Laptev,0.627118644,0.25,0.25,59
30,34,76.56,-68.9,Baffin,0.367256637,0.363636364,0.352941176,226
1012,34,76.99,15.55,Barents,0.046948357,0.444444444,0.5,852
1557,34.2,70.77183,-148.32566,Beaufort,0.149484536,0.176470588,0.25,194
722,35,59.217,-168,Chukchi,0,0,0,7
753,35,62.9987,-170.249,Chukchi,0,0,0,27
1541,35,66.709,-168.398,Chukchi,0.266666667,0.375,0.5,15
1350,35,66.70916667,-168.3946667,Chukchi,0.113636364,0.3,0.333333333,44
1406,35,66.7102,-168.3985,Chukchi,0,0,0,2
1359,35,66.71146667,-168.3986167,Chukchi,0.5,0.5,0.5,2
1409,35,68.2988,-166.9395,Chukchi,0.167910448,0.263157895,0.294117647,268
1542,35,68.299,-166.94,Chukchi,0.242666667,0.285714286,0.368421053,750
1362,35,68.3,-166.9356833,Chukchi,0.157303371,0.315789474,0.333333333,178
1489,35,68.3012,-166.9308,Chukchi,0.194630872,0.2,0.266666667,447
1381,35,68.302,-166.9391667,Chukchi,0.164285714,0.357142857,0.384615385,280
1573,35,68.30633,-166.916,Chukchi,0.121794872,0.263157895,0.384615385,156
134,35,69.1,-165.1,Chukchi,0,0,0,18
1530,35,69.4962,-165.3785,Chukchi,0.136,0.285714286,0.363636364,125
665,35,69.67,18.12,Barents,0.424,0.3125,0.333333333,250
367,35,70.127,-142.5,Beaufort,0.143884892,0.1875,0.272727273,139
934,35,70.45694,-172.22361,Chukchi,0.047619048,0.142857143,0.142857143,42
1226,35,72.11486799,-162.7241072,Chukchi,0.230769231,0.285714286,0.285714286,13
897,35,73.85583,80.01,Kara,0.140929535,0.185185185,0.25,667
655,35,74.4,-155.7169,Beaufort,0,0,0,8
810,35,74.5,75.92,Kara,0.12195122,0.2,0.25,82
1018,35,74.82,128.58,Laptev,0,0,0,1
70,35,76.02,134.05,Laptev,0,0,0,39
1564,35.9,70.29233,-143.931,Beaufort,0.175,0.25,0.307692308,120
459,36,62.46,-170.25,Chukchi,0.2,0.25,0.25,5
1076,36,62.99,-170.267,Chukchi,0,0,0,2
284,36,63.61,-91.35,Baffin,0.363157895,0.24,0.277777778,190
258,36,64.349,-165.002,Chukchi,0,0,0,4
243,36,64.35,-165.01,Chukchi,0.089285714,0.2,0.25,112
830,36,66.709,-168.399,Chukchi,0.260869565,0.333333333,0.375,46
675,36,69.99,18.65,Barents,0.217142857,0.285714286,0.333333333,350
761,36,70.334,173.3323,Siberian,0,0,0,13
163,36,70.85,-148.4,Beaufort,0.15,0.153846154,0.25,20
65,36,73.7,155.4,Siberian,0,0,0,23
488,36,74.36,59.48,Kara,0.462222222,0.388888889,0.363636364,225
815,36,74.5,78,Kara,0.1,0.2,0.25,80
431,36.6,70.7767,-160.09,Chukchi,0.743169399,0.375,0.454545455,366
719,37,59.405,-168.748,Chukchi,0.055555556,0.25,0.25,90
249,37,65.083889,-167.727778,Chukchi,0,0,0,2
1122,37,69.0397,-166.5935,Chukchi,0.073068894,0.3,0.375,479
468,37,69.35,50.237,Barents,0,0,0,12
99,37,70.13,-134.9,Beaufort,0.121212121,0.25,0.333333333,99
57,37,70.15,175,Siberian,0,0,0,5
202,37,70.4,-145.663,Beaufort,0.040816327,0.142857143,0.2,49
164,37,70.91,-148.37,Beaufort,0.111111111,0.166666667,0.2,18
58,37,71.42,174.95,Siberian,1,1,1,3
59,37,71.57,170,Siberian,0,0,0,3
1389,37,71.61666667,-163.7895,Chukchi,1,1,1,1
1201,37,71.90815,-160.9229,Chukchi,0.038461538,0.25,0.285714286,52
1463,37,72.22735,-162.2986333,Chukchi,0,0,0,6
940,37,73.63,80,Kara,1,1,1,1
811,37,74,80.01,Kara,0.041237113,0.4,0.4,291
1019,37,74.52,129.7,Laptev,0,0,0,24
869,37,75.26,84.34,Kara,0,0,0,30
1560,37.2,69.8165,-139.61,Beaufort,0.085889571,0.333333333,0.4,163
463,38,60.87,-169,Chukchi,0,0,0,68
1062,38,62.431,-170.074,Chukchi,0,0,0,6
292,38,63.46,-90.92,Baffin,0.333333333,0.3,0.368421053,96
285,38,63.68,-91.46,Baffin,0.330578512,0.333333333,0.333333333,121
1418,38,64.40722,-166.2263889,Chukchi,0.063063063,0.272727273,0.272727273,111
1419,38,64.40722,-166.2263889,Chukchi,0.029411765,0.166666667,0.166666667,68
1402,38,64.6708,-168.2352,Chukchi,0.684210526,0.333333333,0.333333333,19
1538,38,64.672,-168.236,Chukchi,0.439393939,0.285714286,0.4,66
770,38,68.833,-178.2517,Chukchi,0.333333333,0.5,0.5,6
931,38,68.95278,-178.16722,Chukchi,0,0,0,29
135,38,69.06666667,-166.15,Chukchi,0,0,0,2
763,38,69.8333,177.4995,Siberian,0,0,0,1
98,38,69.97,-137,Beaufort,0.172727273,0.333333333,0.333333333,110
160,38,70.73,-148.02,Beaufort,0.085365854,0.117647059,0.2,82
1228,38,71.9333,-162.668,Chukchi,0.072916667,0.1875,0.230769231,96
1169,38,72.2506,-162.343,Chukchi,0.25,0.333333333,0.333333333,4
864,38,73.5,79.86,Kara,0.105263158,0.25,0.25,76
829,38,74.3,76.83,Kara,0.142857143,0.125,0.142857143,63
950,38,75.69,87.13,Kara,1,1,1,2
624,38,76.50833333,133.355,Laptev,0.135135135,0.142857143,0.166666667,37
466,38,77.54,19.18,Barents,0.723404255,0.333333333,0.4,47
77,38.1,65.6833333,-168.25,Chukchi,0.318181818,0.333333333,0.333333333,22
1569,38.4,70.94516,-148.77583,Beaufort,0.210526316,0.25,0.333333333,57
1175,38.7,71.63031667,-164.8141167,Chukchi,0.195402299,0.272727273,0.272727273,87
1202,38.8,71.91205,-160.9305167,Chukchi,0.205882353,0.2,0.222222222,68
1482,39,64.6705,-168.2342,Chukchi,0.341463415,0.25,0.285714286,41
805,39,67,-168.667,Chukchi,0,0,0,16
205,39,70.14,-145.483,Beaufort,0.008849558,0.142857143,0.166666667,113
757,39,70.3342,171.819,Siberian,0.222222222,0.181818182,0.2,63
181,39,70.4,-148.25,Beaufort,0.71875,0.25,0.25,32
1506,39,70.58,-162.4912,Chukchi,0.2,0.25,0.25,10
998,39,70.675,-166.5147,Chukchi,0.236842105,0.272727273,0.375,38
1125,39,71.72549,-163.45619,Chukchi,0.192307692,0.285714286,0.333333333,26
1229,39,71.7255,-163.4562,Chukchi,0.264150943,0.1875,0.214285714,265
1168,39,72.1325,-163.8076,Chukchi,0.083333333,0.25,0.25,12
898,39,74.83028,84.49889,Kara,0.124183007,0.15,0.230769231,153
1185,39.4,72.16191667,-163.5885,Chukchi,0.191011236,0.2,0.25,178
1187,39.7,72.37885,-163.0264667,Chukchi,0,0,0,7
462,40,61.7,-169.23,Chukchi,0,0,0,12
1147,40,62.17816667,-169.4646667,Chukchi,0,0,0,12
1148,40,62.4285,-170.057,Chukchi,0,0,0,33
1118,40,62.493,-170.48,Chukchi,0,0,0,21
748,40,62.617,-170.947,Chukchi,0,0,0,38
754,40,62.851,-169.596,Chukchi,0,0,0,19
1451,40,71.9027,-162.6870333,Chukchi,1,1,1,1
1255,40,71.9874,-160.4038833,Chukchi,0,0,0,5
1225,40,72.062,-164.131,Chukchi,0.043478261,0.2,0.2,23
479,40,73.632,80.247,Kara,0,0,0,26
432,40.2,70.76,-160.3317,Chukchi,0.657142857,0.5,0.545454545,35
1186,40.2,72.36941667,-163.0320833,Chukchi,0.285714286,0.25,0.25,14
1196,40.3,71.8701,-162.0596167,Chukchi,0.045454545,0.2,0.2,22
1195,40.3,71.8722,-162.04415,Chukchi,0.076923077,0.25,0.25,13
428,40.5,68.82,-166.745,Chukchi,0.055555556,0.25,0.25,18
1184,40.5,72.16226667,-163.5887833,Chukchi,0.12195122,0.214285714,0.25,82
749,41,62.269,-171.584,Chukchi,0,0,0,43
1117,41,62.37366667,-170.3705,Chukchi,0,0,0,45
53,41,67.02,-168.58,Chukchi,0,0,0,4
972,41,67.05035,-168.7291333,Chukchi,0.033898305,0.166666667,0.166666667,59
132,41,69,-166.0666667,Chukchi,0.461538462,0.333333333,0.333333333,13
121,41,69.08333333,-163.0166667,Chukchi,0.25,0.333333333,0.333333333,8
1095,41,69.82911667,-165.4995667,Chukchi,0.277777778,0.166666667,0.166666667,18
118,41,70.01666667,-162.0333333,Chukchi,0.833333333,0.666666667,0.666666667,6
927,41,70.66306,175.51583,Siberian,0,0,0,7
159,41,70.82,-148.05,Beaufort,0.128440367,0.1875,0.25,109
1173,41,71.2605,-157.0615,Beaufort,0.185185185,0.3,0.3,54
1431,41,71.49298333,-163.3965667,Chukchi,0,0,0,7
1227,41,71.99129484,-163.3833773,Chukchi,0.158536585,0.266666667,0.307692308,164
1453,41,72.12375,-163.2350167,Chukchi,0.285714286,0.333333333,0.333333333,21
1454,41,72.2125,-164.1641667,Chukchi,0.153846154,0.333333333,0.333333333,13
813,41,73.77,79.99,Kara,0.028846154,0.222222222,0.25,104
800,41,75.15,130.83,Laptev,0,0,0,22
1115,42,62.75766667,-169.5861667,Chukchi,0,0,0,5
464,42,62.8,-169.5,Chukchi,0,0,0,38
1155,42,62.993,-170.2671667,Chukchi,0,0,0,83
780,42,67.2832,-172.8803,Chukchi,0.5,0.333333333,0.333333333,6
37,42,68.03,41.34,Barents,0.5,0.5,0.5,2
769,42,68.7328,-177.8655,Chukchi,0,0,0,2
768,42,69.149,-179.2493,Chukchi,0,0,0,5
91,42,69.37,-138.08,Beaufort,0.157894737,0.166666667,0.2,57
38,42,69.48,43.58,Barents,1,1,1,5
1529,42,69.6832,-166.0928,Chukchi,0.028037383,0.222222222,0.25,107
1388,42,71.49016667,-163.4108333,Chukchi,0.5,0.5,0.5,2
1371,42,71.61816667,-163.7710833,Chukchi,1,1,1,4
1430,42,71.61908333,-163.7723833,Chukchi,0.085714286,0.222222222,0.222222222,35
1450,42,71.685556,-163.261667,Chukchi,0.142857143,0.25,0.25,21
1449,42,71.685833,-163.2627787,Chukchi,0.076923077,0.142857143,0.142857143,13
1467,42,71.91351667,-160.5002667,Chukchi,0,0,0,2
1104,42,72.28236667,-163.2888833,Chukchi,0.19047619,0.4,0.4,21
1462,42,72.42666667,-162.6409333,Chukchi,0,0,0,7
50,42,75.79,129.87,Laptev,0.178571429,0.307692308,0.4,56
429,42.1,70.8833,-161.7567,Chukchi,0,0,0,1
1198,42.2,71.64968333,-162.6396,Chukchi,0.06779661,0.1,0.1,59
1197,42.5,71.64893333,-162.6403667,Chukchi,0.083333333,0.2,0.2,12
1077,42.8,62.615,-170.947,Chukchi,0.04,0.166666667,0.166666667,50
1565,42.9,70.37116,-143.78566,Beaufort,0.176211454,0.235294118,0.285714286,227
1558,42.9,70.8975,-148.14316,Beaufort,0.145922747,0.181818182,0.25,233
728,43,59.266,-169.1,Chukchi,0,0,0,53
854,43,62.28,-171.573,Chukchi,0,0,0,396
746,43,62.767,-171.664,Chukchi,0,0,0,138
1065,43,64.426,-170.055,Chukchi,0,0,0,1
1058,43,65.178,-168.398,Chukchi,0.125,0.2,0.25,8
782,43,66.9173,-170.883,Chukchi,0,0,0,2
1382,43,68.24166667,-167.122,Chukchi,0.308673469,0.230769231,0.3,392
1363,43,68.24206667,-167.1218333,Chukchi,0.366742597,0.272727273,0.277777778,439
1410,43,68.2448,-167.117,Chukchi,0.363636364,0.238095238,0.3125,242
109,43,69.92,-137.1,Beaufort,0.034653465,0.3,0.333333333,202
1526,43,70.2598,-168.5445,Chukchi,0.101449275,0.266666667,0.333333333,138
1505,43,70.717,-162.857,Chukchi,0.016806723,0.333333333,0.333333333,119
1162,43,70.903,-161.7649,Chukchi,0.156862745,0.333333333,0.333333333,51
426,43,70.915,-168.4667,Chukchi,0.333333333,0.333333333,0.333333333,3
1124,43,71.2492,-165.44789,Chukchi,0.058823529,0.083333333,0.083333333,51
425,43,71.4083,-166.3533,Chukchi,0,0,0,18
1499,43,71.45,-164.92,Chukchi,0.076433121,0.153846154,0.166666667,157
1417,43,71.6175,-163.7768,Chukchi,0.583333333,0.428571429,0.428571429,12
1497,43,71.705,-165.603,Chukchi,0.040540541,0.181818182,0.181818182,148
1498,43,71.705,-165.603,Chukchi,0.027027027,0.181818182,0.181818182,185
480,43,74.343,81.387,Kara,0,0,0,10
858,43,74.66,81.14,Kara,0.020833333,0.2,0.2,48
951,43,75.38,85.83,Kara,0,0,0,27
1075,43.2,64.675,-169.089,Chukchi,0,0,0,1
1561,43.3,69.898,-139.49233,Beaufort,0.302173913,0.25,0.307692308,460
1190,43.3,72.41125,-161.26095,Chukchi,0.727272727,0.25,0.25,11
1200,43.5,71.71296667,-161.5774333,Chukchi,0.130434783,0.142857143,0.142857143,23
1180,43.6,72.29623333,-164.2529667,Chukchi,0,0,0,73
1189,43.9,72.54775,-162.2652833,Chukchi,0.066666667,0.166666667,0.166666667,15
729,44,59.266,-169.267,Chukchi,0.026315789,0.333333333,0.333333333,38
727,44,59.371,-169.351,Chukchi,0.03125,0.333333333,0.333333333,32
344,44,61.28133,-169.86017,Chukchi,0,0,0,9
458,44,61.93,-170.35,Chukchi,0,0,0,1
460,44,62.73,-170.22,Chukchi,0,0,0,24
1149,44,62.75866667,-169.5918333,Chukchi,0,0,0,1
752,44,63.482,-172.382,Chukchi,0,0,0,13
1484,44,64.9598,-169.899,Chukchi,0.058823529,0.181818182,0.285714286,34
807,44,67.502,-168.915,Chukchi,0,0,0,12
1427,44,68.242,-167.1193333,Chukchi,0.223255814,0.222222222,0.266666667,215
1543,44,68.244,-167.122,Chukchi,0.297153025,0.217391304,0.294117647,562
1490,44,68.2462,-167.1255,Chukchi,0.216783217,0.238095238,0.3125,286
94,44,69.6,-137.33,Beaufort,0.171428571,0.333333333,0.285714286,70
766,44,70.0645,179.236,Siberian,0,0,0,4
155,44,70.39,-143.55,Beaufort,0.303030303,0.454545455,0.555555556,33
1502,44,71.085,-163.802,Chukchi,0.086021505,0.2,0.230769231,186
1549,44,71.795,-161.771,Chukchi,0.25,0.333333333,0.333333333,8
481,44,75.15,77.215,Kara,0.1,0.2,0.2,10
1188,44.1,72.54915,-162.2645333,Chukchi,0.125,0.2,0.25,8
1056,44.2,65.183,-169.668,Chukchi,0.428571429,0.4,0.4,7
1090,44.25,71.01676667,-164.2355167,Chukchi,0.125,0.25,0.272727273,56
1203,44.3,72.1559,-159.9526667,Beaufort,0.060773481,0.25,0.272727273,181
423,44.4,70.98,-167.7367,Chukchi,0.076923077,0.5,0.5,13
1191,44.4,72.41023333,-161.22695,Chukchi,0.2,0.25,0.285714286,40
422,44.8,70.9732,-167.3967,Chukchi,1,1,1,1
1087,45,62.608,-170.955,Chukchi,0,0,0,11
1153,45,62.80933333,-170.646,Chukchi,0.023809524,0.142857143,0.166666667,84
1114,45,62.8115,-170.6446667,Chukchi,0.060606061,0.166666667,0.166666667,33
1154,45,62.88716667,-170.4305,Chukchi,0,0,0,97
1401,45,64.6803,-169.0992,Chukchi,0.166666667,0.333333333,0.333333333,6
1537,45,64.681,-169.1,Chukchi,0.25,0.222222222,0.285714286,68
1356,45,64.68146667,-169.0999833,Chukchi,0.333333333,0.666666667,0.666666667,9
1347,45,64.68283333,-169.099,Chukchi,0.05511811,0.125,0.142857143,127
1405,45,64.9997,-168.2203,Chukchi,0,0,0,15
989,45,68.55966667,-167.3605,Chukchi,0.085714286,0.230769231,0.230769231,175
138,45,69.13333333,-166.1333333,Chukchi,0,0,0,3
157,45,70.45,-143.57,Beaufort,0.166666667,0.25,0.333333333,6
1096,45,70.69721667,-165.4406167,Chukchi,0.099009901,0.222222222,0.222222222,101
1504,45,70.849,-163.1872,Chukchi,0.045454545,0.142857143,0.142857143,22
1367,45,70.97278333,-161.9012,Chukchi,1,1,1,1
1434,45,71.10233333,-162.2658333,Chukchi,0,0,0,10
1501,45,71.1951,-164.2017,Chukchi,0.064516129,0.1875,0.214285714,279
1515,45,71.2468,-157.135,Beaufort,0.239361702,0.25,0.285714286,188
1500,45,71.337,-164.613,Chukchi,0.026315789,0.1,0.111111111,76
1199,45,71.71548333,-161.57175,Chukchi,0,0,0,3
1514,45,71.7755,-161.5865,Chukchi,0.142857143,0.2,0.2,7
1496,45,71.83,-165.97,Chukchi,0.01980198,0.214285714,0.214285714,202
1126,45,72.1033,-165.45559,Chukchi,0.022222222,0.142857143,0.142857143,45
1204,45,72.15353333,-159.9300833,Beaufort,0.155294118,0.214285714,0.230769231,425
1464,45,72.47048333,-161.5522167,Chukchi,0,0,0,1
575,45,76.94,15.28,Barents,0.323529412,0.4,0.5,204
884,45,76.94,15.82,Barents,0.223880597,0.416666667,0.416666667,134
1091,45.25,71.2448,-163.9781833,Chukchi,0.192307692,0.272727273,0.333333333,26
1078,45.3,62.494,-171.844,Chukchi,0,0,0,28
1177,45.3,72.10268333,-165.4598833,Chukchi,0,0,0,73
421,45.5,70.955,-166.9483,Chukchi,0.153846154,0.25,0.25,13
1181,45.5,72.30488333,-164.2716833,Chukchi,0.02006689,0.307692308,0.363636364,299
1088,45.65,70.34773333,-165.46015,Chukchi,0.009803922,0.1,0.111111111,102
1465,45.8,72.5932,-161.36,Chukchi,0.1,0.5,0.5,20
1159,46,62.39916667,-172.6855,Chukchi,0,0,0,1
853,46,62.44,-172.309,Chukchi,0,0,0,95
1152,46,62.69183333,-170.764,Chukchi,0,0,0,71
1150,46,62.85266667,-169.8873333,Chukchi,0,0,0,29
455,46,62.87,-170.93,Chukchi,0,0,0,25
1156,46,62.93433333,-170.9281667,Chukchi,0.005586592,0.142857143,0.166666667,179
1005,46,64.682,-169.099,Chukchi,0,0,0,20
1006,46,64.682,-169.099,Chukchi,0,0,0,3
977,46,64.98911667,-169.141,Chukchi,0.030927835,0.2,0.25,97
1539,46,65,-168.22,Chukchi,0.333333333,0.25,0.285714286,45
1378,46,67.04983333,-168.7278333,Chukchi,0,0,0,8
1407,46,67.05,-168.728,Chukchi,0,0,0,3
55,46,67.31,-170.78,Chukchi,0,0,0,1
975,46,67.49576667,-168.9141333,Chukchi,0,0,0,14
976,46,67.73558333,-168.95325,Chukchi,0,0,0,12
1426,46,68.18716667,-167.3028333,Chukchi,0.55,0.444444444,0.5,20
139,46,69,-167.05,Chukchi,0.5,0.333333333,0.333333333,4
119,46,69.15,-163.1166667,Chukchi,0,0,0,3
1161,46,69.8904,-166.1989,Chukchi,0.1,0.2,0.2,10
117,46,70.15,-162.1166667,Chukchi,0.5,0.5,0.5,2
764,46,70.1675,178.0022,Siberian,1,1,1,1
1481,46,70.96101667,-161.0822667,Chukchi,0.115384615,0.3125,0.357142857,130
1503,46,70.973,-163.564,Chukchi,0.011111111,0.083333333,0.090909091,180
1435,46,70.97333333,-161.9095,Chukchi,0,0,0,33
1386,46,71.104,-162.2743333,Chukchi,0.041666667,0.166666667,0.166666667,24
1447,46,71.19016667,-164.6518333,Chukchi,0,0,0,42
1369,46,71.23263333,-162.6349667,Chukchi,0,0,0,6
1433,46,71.23683333,-162.6418333,Chukchi,0.142857143,0.333333333,0.333333333,7
1446,46,71.2487,-157.1633167,Beaufort,0.168421053,0.263157895,0.333333333,190
1432,46,71.36083333,-163.0164833,Chukchi,0.142857143,0.166666667,0.166666667,7
1370,46,71.36176667,-163.0081833,Chukchi,0,0,0,1
1100,46,71.38713333,-166.2764667,Chukchi,0.25,0.142857143,0.142857143,20
1448,46,71.39616667,-164.0941667,Chukchi,0.279069767,0.2,0.222222222,43
1230,46,71.453,-162.6107,Chukchi,0.310204082,0.214285714,0.230769231,245
1223,46,72.1033,-165.4556,Chukchi,0.007444169,0.166666667,0.181818182,403
1256,46,72.153,-159.91,Beaufort,0.103448276,0.2,0.2,29
1253,46,72.44606667,-160.3786167,Chukchi,0.288888889,0.285714286,0.285714286,90
859,46,74.66,82.64,Kara,0,0,0,62
949,46,76.42,85.67,Kara,0.055555556,0.2,0.2,18
1206,46.2,72.11118333,-165.4375833,Chukchi,0.198019802,0.230769231,0.25,202
1176,46.5,72.09661667,-165.4654167,Chukchi,0.147058824,0.142857143,0.142857143,34
1092,46.65,71.67596667,-166.4317,Chukchi,0.083333333,0.1,0.111111111,24
1570,46.8,71.2545,-157.13233,Beaufort,0.230769231,0.285714286,0.285714286,26
1151,47,62.60566667,-170.9546667,Chukchi,0,0,0,193
1157,47,62.86,-171.03,Chukchi,0.005347594,0.142857143,0.166666667,187
1008,47,64.66616667,-169.9213333,Chukchi,0.032258065,0.2,0.2,31
1349,47,64.6665,-169.9211667,Chukchi,0,0,0,22
1358,47,64.67073333,-169.9202333,Chukchi,0,0,0,10
1486,47,64.68,-169.1002,Chukchi,0.053333333,0.333333333,0.333333333,75
1346,47,64.992,-169.1361667,Chukchi,0.019230769,0.142857143,0.166666667,52
1002,47,64.99263333,-169.1360667,Chukchi,0.012195122,0.090909091,0.142857143,164
783,47,66.6658,-170.0012,Chukchi,0,0,0,10
1360,47,67.05008333,-168.7291,Chukchi,0,0,0,2
831,47,67.051,-168.733,Chukchi,0,0,0,4
983,47,67.05171667,-168.7267167,Chukchi,0,0,0,8
1004,47,67.065,-168.7466667,Chukchi,0,0,0,12
1488,47,67.1642,-168.6635,Chukchi,0,0,0,2
781,47,67.1995,-171.8032,Chukchi,1,1,1,1
973,47,67.3306,-168.9952667,Chukchi,0,0,0,47
974,47,67.3306,-168.9952667,Chukchi,0,0,0,12
806,47,67.333,-168.998,Chukchi,0,0,0,11
778,47,67.6662,-173.5025,Chukchi,0.5,0.5,0.5,2
808,47,67.737,-168.44,Chukchi,0,0,0,7
1491,47,68.1902,-167.3027,Chukchi,0.336538462,0.263157895,0.294117647,208
936,47,68.27667,-171.89889,Chukchi,0,0,0,5
129,47,69.06666667,-167.0833333,Chukchi,0,0,0,10
126,47,69.11666667,-168.1333333,Chukchi,1,1,1,2
127,47,69.13333333,-168.0666667,Chukchi,0.111111111,0.25,0.25,9
670,47,69.63,17.92,Barents,0.301204819,0.3,0.333333333,83
1528,47,69.879,-166.8215,Chukchi,0.357142857,0.285714286,0.285714286,56
120,47,70.01666667,-163.15,Chukchi,0.25,0.5,0.5,4
97,47,70.14,-137.26,Beaufort,0.12987013,0.272727273,0.3,77
165,47,71,-148.27,Beaufort,0.2,0.2,0.25,5
1101,47,71.07735,-162.5583833,Chukchi,0.127777778,0.2,0.230769231,180
1480,47,71.09013333,-161.1798,Chukchi,0.2,0.285714286,0.333333333,15
1368,47,71.10361667,-162.2639833,Chukchi,0,0,0,1
1387,47,71.23283333,-162.6508333,Chukchi,0,0,0,2
1416,47,71.2345,-162.643,Chukchi,0.166666667,0.25,0.25,6
1390,47,71.24716667,-157.1613333,Beaufort,0.1,0.2,0.2,10
1236,47,71.2504,-157.1693,Beaufort,0.175925926,0.214285714,0.272727273,108
1174,47,71.3464,-160.1373,Chukchi,0,0,0,6
1512,47,71.6103,-161.6152,Chukchi,0.333333333,0.2,0.2,6
1513,47,71.6103,-161.6152,Chukchi,0.125,0.25,0.25,8
1475,47,71.61233333,-161.6193333,Chukchi,0.055555556,0.1,0.111111111,18
1249,47,71.7274,-160.7183,Chukchi,0.206896552,0.333333333,0.333333333,29
1251,47,71.82278333,-159.77215,Beaufort,0,0,0,8
1163,47,72.0422,-165.926,Chukchi,0,0,0,8
678,47,75.49,115.249,Laptev,0.213114754,0.142857143,0.2,61
943,47,76.41,88.18,Kara,0.1,0.25,0.25,10
1205,47.1,72.10986667,-165.4368,Chukchi,0.022556391,0.222222222,0.222222222,133
1085,48,63.5,-171.84,Chukchi,0,0,0,55
1404,48,64.6705,-169.9178,Chukchi,0,0,0,13
1485,48,64.6718,-169.9258,Chukchi,0,0,0,10
1376,48,64.67216667,-169.9231667,Chukchi,0,0,0,1
1535,48,64.673,-170.643,Chukchi,0.090909091,0.2,0.2,11
1536,48,64.673,-169.927,Chukchi,0,0,0,147
1375,48,64.961,-169.8876667,Chukchi,0,0,0,1
1355,48,64.9906,-169.1407833,Chukchi,0,0,0,6
54,48,67.07,-169.88,Chukchi,0.2,0.333333333,0.333333333,5
1425,48,68.12766667,-167.4943333,Chukchi,0.27520436,0.263157895,0.333333333,367
1492,48,68.1357,-167.4915,Chukchi,0.237288136,0.210526316,0.285714286,177
1383,48,68.18483333,-167.3076667,Chukchi,0.245989305,0.222222222,0.25,187
1364,48,68.18521667,-167.3072333,Chukchi,0.389830508,0.363636364,0.4,59
1544,48,68.186,-167.309,Chukchi,0.383693046,0.263157895,0.333333333,417
1121,48,69.8852,-167.73729,Chukchi,0.198675497,0.285714286,0.352941176,151
114,48,70.03333333,-163.1,Chukchi,0.25,0.333333333,0.333333333,4
765,48,70.3343,178.271,Siberian,0.25,0.25,0.25,4
1507,48,71.09,-161.1928,Chukchi,0.266666667,0.333333333,0.5,30
1099,48,71.2721,-167.0144,Chukchi,0.089041096,0.1875,0.214285714,292
1231,48,71.2982,-161.6887,Chukchi,0.357541899,0.285714286,0.333333333,179
1478,48,71.35351667,-161.3975833,Chukchi,0.125,0.125,0.125,16
1222,48,71.4326,-160.4202,Chukchi,0.166666667,0.2,0.2,12
1476,48,71.48106667,-161.5094,Chukchi,0.052631579,0.125,0.125,19
1477,48,71.48106667,-161.5094,Chukchi,0.038461538,0.125,0.125,26
1455,48,72.35138333,-164.91945,Chukchi,0.055555556,0.142857143,0.142857143,18
868,48,75.46,82.55,Kara,0.106666667,0.2,0.230769231,300
1207,48.4,71.2518,-157.1709333,Beaufort,0.333333333,0.5,0.5,3
841,49,62.5635,-172.301,Chukchi,0,0,0,9
848,49,63.087,-171.475,Chukchi,0,0,0,5
1348,49,64.95933333,-169.8845,Chukchi,0.04,0.2,0.2,25
1540,49,64.96,-169.89,Chukchi,0,0,0,85
1357,49,64.96031667,-169.8908667,Chukchi,0,0,0,7
1403,49,64.9617,-169.886,Chukchi,0.076923077,0.285714286,0.333333333,39
1400,49,64.9908,-169.1377,Chukchi,0.130434783,0.4,0.4,23
1483,49,64.9912,-169.146,Chukchi,0.071428571,0.25,0.25,14
937,49,66.78417,-170.01694,Chukchi,0.22826087,0.333333333,0.333333333,92
1379,49,67.32766667,-168.9418333,Chukchi,0,0,0,4
1380,49,67.49983333,-168.9421667,Chukchi,0,0,0,1
1545,49,68.128,-167.493,Chukchi,0.408,0.416666667,0.454545455,125
1411,49,68.1858,-167.3085,Chukchi,0.25210084,0.357142857,0.357142857,119
932,49,69.03333,-176.15222,Chukchi,0.2,0.222222222,0.222222222,35
151,49,70.64,-146.02,Beaufort,0.066666667,0.125,0.166666667,15
1415,49,71.1012,-162.2648,Chukchi,0.21875,0.272727273,0.272727273,32
1509,49,71.3507,-161.3958,Chukchi,0.333333333,0.4,0.4,6
1551,49,71.454,-161.036,Chukchi,0,0,0,5
1510,49,71.4805,-161.5048,Chukchi,0,0,0,3
1511,49,71.4805,-161.5048,Chukchi,0.166666667,0.25,0.25,6
1221,49,71.54845,-160.6741833,Chukchi,0.115384615,0.111111111,0.111111111,26
1550,49,71.588,-161.401,Chukchi,0.071428571,0.2,0.2,14
1235,49,71.611,-159.378,Beaufort,0.11328976,0.166666667,0.181818182,459
993,49,72.218,-159.3531667,Beaufort,0,0,0,12
860,49,74.83,83.43,Kara,0.102362205,0.166666667,0.2,127
1553,49.2,71.24833,-152.17166,Beaufort,0.054216867,0.157894737,0.214285714,166
424,49.5,70.4717,-166.9533,Chukchi,0,0,0,2
1063,49.8,61.78,-171.31,Chukchi,0,0,0,6
855,50,61.928,-172.212,Chukchi,0,0,0,11
747,50,62.433,-172.333,Chukchi,0,0,0,34
1137,50,62.49616667,-171.8525,Chukchi,0,0,0,27
1138,50,62.53133333,-172.1186667,Chukchi,0,0,0,56
1158,50,62.61383333,-171.3853333,Chukchi,0.023255814,0.125,0.142857143,43
1141,50,62.63016667,-171.9866667,Chukchi,0,0,0,9
1140,50,62.75116667,-171.6635,Chukchi,0,0,0,71
1059,50,64.296,-171.602,Chukchi,0.3,0.333333333,0.4,10
1007,50,64.95866667,-169.8816667,Chukchi,0,0,0,4
1038,50,64.959,-169.8830833,Chukchi,0.152892562,0.181818182,0.222222222,242
11,50,66.12,-83.7,Baffin,0.504424779,0.25,0.294117647,452
784,50,67.0003,-169.4993,Chukchi,0.21875,0.333333333,0.375,32
1361,50,67.32968333,-168.9093167,Chukchi,0,0,0,1
1366,50,67.67046667,-168.9086833,Chukchi,0,0,0,1
1548,50,67.672,-168.93,Chukchi,0,0,0,1
832,50,67.736,-168.439,Chukchi,0,0,0,6
836,50,67.736,-168.439,Chukchi,0,0,0,4
1384,50,68.12716667,-167.4953333,Chukchi,0.256880734,0.214285714,0.272727273,218
1365,50,68.12783333,-167.4955,Chukchi,0.348920863,0.19047619,0.25,278
1412,50,68.1298,-167.4932,Chukchi,0.353982301,0.235294118,0.266666667,339
771,50,69.1673,-177.7672,Chukchi,0,0,0,1
772,50,69.3345,-177.5007,Chukchi,0.5,0.333333333,0.333333333,4
767,50,69.5987,179.9983,Siberian,0,0,0,1
676,50,69.99,18.65,Barents,0.435185185,0.214285714,0.230769231,216
1527,50,70.0578,-167.6565,Chukchi,0.143939394,0.222222222,0.266666667,132
170,50,71.17,-149.25,Beaufort,0,0,0,7
1479,50,71.22368333,-161.3008,Chukchi,0.0625,0.153846154,0.222222222,32
1508,50,71.2238,-161.2893,Chukchi,0.444444444,0.25,0.25,9
992,50,71.28783333,-152.6053333,Beaufort,0.046153846,0.076923077,0.1,65
1472,50,71.49276667,-159.9149667,Beaufort,0.166666667,0.333333333,0.333333333,18
1468,50,71.82338333,-159.6816,Beaufort,0.142857143,0.2,0.25,7
1029,50,72.171,-159.07,Beaufort,0.25,0.333333333,0.333333333,4
457,51,61.13,-170.54,Chukchi,0,0,0,30
840,51,63.086,-171.473,Chukchi,0,0,0,4
454,51,63.13,-171.35,Chukchi,0,0,0,12
52,51,66.02,-168.71,Chukchi,0.333333333,0.285714286,0.333333333,9
984,51,67.33315,-168.9930333,Chukchi,0,0,0,80
785,51,67.3332,-168.998,Chukchi,0,0,0,7
985,51,67.50063333,-168.9128,Chukchi,0,0,0,4
834,51,67.501,-168.913,Chukchi,0,0,0,3
1494,51,67.677,-168.9568,Chukchi,0,0,0,1
1495,51,67.677,-168.9568,Chukchi,0,0,0,1
987,51,67.73586667,-168.4386667,Chukchi,0,0,0,5
1037,51,67.736,-168.4405667,Chukchi,0,0,0,6
1424,51,68.01316667,-167.873,Chukchi,0.042253521,0.166666667,0.222222222,142
1493,51,68.0153,-167.8798,Chukchi,0.142857143,0.25,0.25,7
115,51,70.06666667,-163.1,Chukchi,0.105263158,0.333333333,0.333333333,19
210,51,70.513,-143.45,Beaufort,0.221052632,0.352941176,0.5,95
1097,51,71.20665,-168.3112667,Chukchi,0.024242424,0.214285714,0.230769231,165
1102,51,71.29818333,-161.6886833,Chukchi,0.545454545,0.4,0.4,33
1098,51,71.48465,-167.7816667,Chukchi,0.102150538,0.1875,0.214285714,186
1103,51,72.40396667,-164.9580333,Chukchi,0.095238095,0.2,0.2,21
1456,51,72.4935,-165.6805667,Chukchi,0.153846154,0.2,0.2,13
965,51,75.19,76.92,Kara,0,0,0,1
870,51,75.35,83.8,Kara,0.095238095,0.25,0.25,21
942,51,75.94,89.27,Kara,0.5,0.5,0.5,2
799,51,76.17,133.25,Laptev,0.142857143,0.142857143,0.142857143,70
648,51,78.26166667,109.245,Laptev,0.226666667,0.235294118,0.363636364,75
1219,51.9,71.37443333,-159.4772167,Beaufort,0.274193548,0.222222222,0.285714286,62
730,52,59.263,-169.449,Chukchi,0.076923077,0.333333333,0.333333333,39
978,52,62.01258333,-175.0544167,Chukchi,0.083333333,0.285714286,0.333333333,24
750,52,62.08,-172.936,Chukchi,0,0,0,22
1145,52,62.281,-171.5628333,Chukchi,0,0,0,23
452,52,62.8,-171.9,Chukchi,0.181818182,0.125,0.142857143,33
745,52,62.95,-172.333,Chukchi,0.333333333,0.5,0.5,3
1066,52,63.104,-173.142,Chukchi,0,0,0,3
295,52,63.378,-90.6,Baffin,0.379454927,0.344827586,0.315789474,477
1003,52,67.33083333,-168.9961667,Chukchi,0,0,0,15
1025,52,67.345,-168.9969333,Chukchi,0,0,0,15
1026,52,67.502738,-168.905992,Chukchi,0,0,0,4
986,52,67.67033333,-168.9576667,Chukchi,0,0,0,4
1385,52,68.01316667,-167.866,Chukchi,0,0,0,2
773,52,69.4998,-177.268,Chukchi,0.4,0.666666667,0.666666667,5
662,52,69.67,18.05,Barents,0.410958904,0.384615385,0.4,438
935,52,69.73417,-173.78917,Chukchi,0.526315789,0.2,0.222222222,57
1562,52,69.93933,-139.38633,Beaufort,0.183520599,0.210526316,0.307692308,267
116,52,70.05,-162.0666667,Chukchi,0.25,0.25,0.25,8
1127,52,71.7674,-159.37299,Beaufort,0,0,0,34
1013,52,77.07,16.33,Barents,0.001292546,0.25,0.428571429,2321
76,52.4,66.2,-168.2166667,Chukchi,0.366197183,0.294117647,0.357142857,142
1220,52.4,71.3759,-159.4820833,Beaufort,0.24137931,0.117647059,0.153846154,87
1178,52.6,72.51886667,-164.7521167,Chukchi,0.141304348,0.3,0.3,92
1179,52.8,72.52691667,-164.7306167,Chukchi,0,0,0,30
453,53,62.97,-171.6,Chukchi,0,0,0,2
1413,53,68.0133,-167.8645,Chukchi,0,0,0,4
777,53,68.9507,-172.9997,Chukchi,1,1,1,1
1120,53,68.9738,-168.94489,Chukchi,0.166666667,0.166666667,0.166666667,18
774,53,69.667,-177,Chukchi,0.214285714,0.25,0.25,14
1232,53,71.3768,-159.4678,Beaufort,0.424242424,0.222222222,0.25,33
485,53,71.59,55.847,Kara,0,0,0,1
1247,53,71.777,-159.007,Beaufort,0.25,0.285714286,0.285714286,24
1252,53,72.40063271,-159.3462278,Beaufort,0.007407407,0.125,0.125,135
51,53,75.75,120,Laptev,0.214285714,0.222222222,0.25,28
1218,53.4,71.60803333,-159.3720333,Beaufort,0.111111111,0.272727273,0.3,162
427,53.5,70.88,-167.7817,Chukchi,0.083333333,0.2,0.2,12
1217,53.5,71.60501667,-159.36355,Beaufort,0.159574468,0.25,0.272727273,94
1094,53.85,71.37415,-159.4797167,Beaufort,0.428571429,0.333333333,0.333333333,7
1105,53.85,71.37415,-159.4797167,Beaufort,0.1875,0.2,0.2,16
852,54,62.079,-172.937,Chukchi,0.054054054,0.5,0.5,37
1074,54,62.406,-172.691,Chukchi,0,0,0,17
278,54,63.43,-90.73,Baffin,0.468694097,0.3125,0.315789474,1118
291,54,63.47,-90.88,Baffin,0.585443038,0.379310345,0.411764706,316
1399,54,63.9213,-172.0977,Chukchi,0,0,0,78
1057,54,65.177,-169.03,Chukchi,0,0,0,2
835,54,67.671,-168.958,Chukchi,0,0,0,7
1574,54,68.01266,-167.8775,Chukchi,0.5,0.6,0.6,8
1546,54,68.013,-167.866,Chukchi,0.125,0.2,0.2,8
775,54,69.8333,-176.7497,Chukchi,0.321428571,0.375,0.375,56
1234,54,71.5,-159.512,Beaufort,0.181818182,0.2,0.222222222,77
1473,54,71.64691667,-160.7862333,Chukchi,0,0,0,6
1457,54,72.63683333,-166.4575333,Chukchi,0,0,0,9
631,54,77.405,133.5566667,Laptev,0.4,0.3,0.3,45
1089,54.35,70.67303333,-167.09995,Chukchi,0.045454545,0.125,0.142857143,44
88,54.86,66.3,-168.8833333,Chukchi,1,1,1,5
401,55,54.35,-57.5,Baffin,0.487234043,0.25,0.277777778,470
856,55,61.38,-171.946,Chukchi,0,0,0,1
456,55,61.83,-171.76,Chukchi,0.230769231,0.25,0.25,13
1146,55,62.0585,-170.6498333,Chukchi,0.076923077,0.333333333,0.333333333,13
1143,55,62.15083333,-172.178,Chukchi,0.142857143,0.333333333,0.333333333,7
744,55,62.25,-173.763,Chukchi,0.024390244,0.2,0.2,41
451,55,62.33,-172.58,Chukchi,0,0,0,8
1136,55,62.44166667,-172.3121667,Chukchi,0,0,0,34
19,55,63.17,-67.75,Baffin,0.653846154,0.318181818,0.4,182
288,55,63.4,-90.8,Baffin,0.396296296,0.321428571,0.315789474,270
279,55,63.57,-91.03,Baffin,0.52,0.347826087,0.357142857,100
69,55,65.99,-168.46,Chukchi,0.317585302,0.318181818,0.333333333,381
776,55,70.0005,-176.5027,Chukchi,0,0,0,2
1471,55,71.32633333,-159.4046667,Beaufort,0.230769231,0.25,0.25,65
1469,55,71.72338333,-158.8761167,Beaufort,0.034482759,0.166666667,0.166666667,29
1254,55,72.85511667,-161.2170667,Chukchi,0.283333333,0.142857143,0.142857143,60
656,55,73.085556,-166.985556,Chukchi,0.25,0.333333333,0.333333333,4
857,55,75.84,81.01,Kara,0.120481928,0.25,0.3,83
866,55,76.66,83.88,Kara,0.05511811,0.153846154,0.222222222,127
1267,55.7,72.4311,-175.3462,Chukchi,0.21875,0.2,0.2,32
1079,56,61.941,-172.218,Chukchi,0,0,0,1
1142,56,62.3705,-172.3831667,Chukchi,0,0,0,8
1139,56,62.65333333,-172.2356667,Chukchi,0.058823529,0.25,0.25,17
293,56,63.51,-90.95,Baffin,0.415343915,0.305555556,0.333333333,1134
174,56,70.73,-145.87,Beaufort,0,0,0,6
1516,56,71.2888,-157.2213,Beaufort,0.402173913,0.214285714,0.25,184
1559,56.4,71.0285,-147.976,Beaufort,0.051502146,0.230769231,0.25,233
1064,57,61.384,-171.951,Chukchi,0,0,0,7
1487,57,66.417,-168.6775,Chukchi,0.25,0.333333333,0.333333333,4
467,57,68.748,50.228,Barents,0,0,0,5
1445,57,71.28715,-157.2557833,Beaufort,0.493506494,0.285714286,0.4,77
1391,57,71.28816667,-157.2453333,Beaufort,0.586956522,0.333333333,0.428571429,46
1237,57,71.2904,-157.2476,Beaufort,0.305555556,0.153846154,0.222222222,144
1250,57,71.6911,-159.8720667,Beaufort,0.112359551,0.181818182,0.2,89
1248,57,71.7586,-159.6030333,Beaufort,0.105263158,0.25,0.25,19
474,57,74.017,67.84,Kara,0,0,0,8
964,57,75.72,75.84,Kara,0.257142857,0.1,0.111111111,35
1563,57.5,69.96716,-139.29983,Beaufort,0.170731707,0.25,0.352941176,451
1266,57.5,69.97496667,-137.2439,Beaufort,0.235294118,0.4,0.4,34
294,58,63.51,-90.97,Baffin,0.538369305,0.366666667,0.368421053,834
741,58,63.584,-173.053,Chukchi,0,0,0,12
173,58,71.54,-152.92,Beaufort,0,0,0,10
1461,58,72.72786667,-162.9789167,Chukchi,0.392857143,0.428571429,0.428571429,28
1458,58,72.87183333,-166.8425,Chukchi,0,0,0,11
1208,58.2,71.29355,-157.2376333,Beaufort,0.406091371,0.230769231,0.3,197
1084,59,62.582,-173.069,Chukchi,0,0,0,0
1547,59,67.899,-168.236,Chukchi,0,0,0,2
1414,59,67.8992,-168.2322,Chukchi,0,0,0,1
1470,59,71.64183333,-158.0645,Beaufort,0.173913043,0.25,0.25,46
1144,60,61.9235,-172.2176667,Chukchi,0,0,0,1
850,60,62.248,-173.754,Chukchi,0.055555556,0.333333333,0.333333333,18
742,60,62.399,-174.582,Chukchi,1,1,1,1
833,60,67.999,-168.933,Chukchi,0,0,0,2
1245,60,71.92858333,-158.3279333,Beaufort,0.18404908,0.272727273,0.272727273,163
1246,60,71.92858333,-158.3279333,Beaufort,0.202279202,0.214285714,0.214285714,351
1164,60,72.6364,-168.781,Chukchi,0.285714286,0.25,0.25,7
489,60,73.44,57.53,Kara,0,0,0,10
844,61,62.24966667,-173.764,Chukchi,0,0,0,9
1224,61,72.793738,-164.898162,Chukchi,0.147651007,0.142857143,0.153846154,149
803,61.6,76.77,116.05,Laptev,0.28125,0.2,0.25,192
1111,62,62.55783333,-173.0865,Chukchi,0,0,0,2
289,62,63.49,-90.83,Baffin,0.449640288,0.310344828,0.352941176,278
1344,62,71.296,-153.555,Beaufort,0.0625,0.125,0.166666667,32
1257,62,72.20288333,-158.4091167,Beaufort,0.068181818,0.111111111,0.111111111,44
847,63,62.563,-173.556,Chukchi,0,0,0,1
169,63,71.2,-149.25,Beaufort,0.210526316,0.333333333,0.428571429,19
751,64,61.716,-173.671,Chukchi,0,0,0,2
1216,64,71.61395,-157.91975,Beaufort,0.032786885,0.181818182,0.181818182,61
1436,64,71.6213,-157.9238833,Beaufort,0,0,0,7
1437,64,71.6213,-157.9238833,Beaufort,0.139534884,0.214285714,0.214285714,43
1524,64,71.6262,-157.9005,Beaufort,0,0,0,13
1525,64,71.6262,-157.9005,Beaufort,0.114285714,0.214285714,0.230769231,140
39,64,75.19,22.23,Barents,0.545454545,0.3125,0.3,286
25,64,76.1,-68.42,Baffin,0.416666667,0.428571429,0.375,24
1244,65,71.62,-157.9305,Beaufort,0.117647059,0.2,0.2,17
1167,65,73.1319,-167.2754,Chukchi,0,0,0,7
1183,65.2,72.74428333,-163.6742833,Chukchi,0.071428571,0.166666667,0.166666667,28
1182,65.2,72.74503333,-163.6907167,Chukchi,0.09,0.166666667,0.166666667,100
24,66,60,-68,Baffin,0.416666667,0.375,0.428571429,60
743,66,61.881,-174.399,Chukchi,1,1,1,1
849,66,62.394,-174.57,Chukchi,0.5,0.5,0.5,2
103,66,70,-137.33,Beaufort,0.053030303,0.227272727,0.307692308,264
105,66,70.08,-137.55,Beaufort,0.313829787,0.222222222,0.333333333,564
1438,66,71.57676667,-157.8286333,Beaufort,0.105263158,0.181818182,0.2,38
1523,66,71.5835,-157.8175,Beaufort,0.139534884,0.230769231,0.230769231,43
1171,66,71.8232,-157.1682,Beaufort,0,0,0,5
794,66,77.6,132.27,Laptev,0.287179487,0.272727273,0.3,195
1081,66.8,61.718,-173.608,Chukchi,0,0,0,71
1215,66.8,71.57896667,-157.85265,Beaufort,0.333333333,0.25,0.25,6
1001,67,62.56208333,-173.5555,Chukchi,0.25,0.333333333,0.333333333,4
200,67,70.4,-136.6,Beaufort,0.347457627,0.235294118,0.363636364,118
1070,67.5,62.4,-174.578,Chukchi,0,0,0,14
1069,68,62.782,-173.871,Chukchi,1,1,1,1
290,68,63.48,-90.87,Baffin,0.383989145,0.3125,0.333333333,737
1408,68,67.3308,-168.9535,Chukchi,0,0,0,1
1243,68,71.5802,-157.8405,Beaufort,0.046511628,0.153846154,0.181818182,86
1165,68,73.1641,-168.4261,Chukchi,0.555555556,0.5,0.5,9
802,68,76.95,118.59,Laptev,0.112676056,0.052631579,0.083333333,142
957,68,77.5,79.87,Kara,0.115384615,0.125,0.125,26
1080,68.8,61.563,-172.906,Chukchi,0.142857143,0.333333333,0.333333333,7
980,69,62.3941,-174.5673,Chukchi,0.333333333,0.333333333,0.333333333,3
843,69,62.56283333,-174.195,Chukchi,1,1,1,1
981,69,63.02463333,-173.4623167,Chukchi,1,1,1,1
1420,69,63.03,-173.46,Chukchi,0,0,0,1
851,70,61.881,-174.382,Chukchi,0,0,0,1
740,70,62.516,-175.301,Chukchi,0,0,0,1
1133,70,62.577,-173.6236667,Chukchi,0.083333333,0.333333333,0.333333333,12
1134,70,62.96833333,-172.9863333,Chukchi,0,0,0,1
842,70,63.0275,-173.042,Chukchi,1,1,1,1
1113,70,63.1035,-173.1456667,Chukchi,0,0,0,2
886,70,69.85472,52.99056,Barents,0.28358209,0.363636364,0.333333333,67
1214,70.4,71.53711667,-157.76345,Beaufort,0.214285714,0.4,0.4,28
373,70.5,55.29,-169.9,Chukchi,0.107142857,0.2,0.2,28
1554,70.7,71.33566,-152.0955,Beaufort,0.19650655,0.333333333,0.4,229
1110,71,62.38066667,-174.5358333,Chukchi,0.027272727,0.2,0.222222222,110
1354,71,62.39041667,-174.5699333,Chukchi,0,0,0,2
1071,71,62.397,-174.587,Chukchi,0.25,0.2,0.2,16
1132,71,62.55483333,-173.8408333,Chukchi,0.333333333,0.5,0.5,3
1421,71,62.56,-173.55,Chukchi,0.111111111,0.25,0.25,9
846,71,63.286,-173.783,Chukchi,0,0,0,1
1439,71,71.53573333,-157.7617,Beaufort,0.25,0.333333333,0.333333333,4
1011,72,62.3895,-174.5713333,Chukchi,0,0,0,1
1533,72,62.391,-174.569,Chukchi,0,0,0,5
1119,72,62.76,-173.82,Chukchi,1,1,1,1
1398,72,63.0298,-173.459,Chukchi,0,0,0,3
1534,72,63.031,-173.456,Chukchi,0.363636364,0.5,0.5,11
1067,72,63.108,-173.122,Chukchi,0,0,0,1
1068,72,63.108,-173.122,Chukchi,0.5,0.5,0.5,4
1060,72,63.275,-173.754,Chukchi,0,0,0,1
281,72,63.59,-91.25,Baffin,0.313207547,0.310344828,0.333333333,265
997,72,73.3355,-165.6061667,Chukchi,0.166666667,0.142857143,0.153846154,84
487,72,75.29,62.11,Kara,0.125,0.333333333,0.333333333,8
32,73,60.13,-67.78,Baffin,0.349775785,0.347826087,0.4,223
1131,73,62.5615,-174.2096667,Chukchi,0.222222222,0.5,0.5,9
669,73,69.63,17.92,Barents,0.26848249,0.384615385,0.4,257
867,73,76.94,85.76,Kara,0.12987013,0.153846154,0.2,154
958,73,77.05,79.73,Kara,0.461538462,0.333333333,0.333333333,13
630,73,77.91,133.555,Laptev,0.065088757,0.2,0.25,169
1130,74,62.40083333,-174.5273333,Chukchi,0.075,0.166666667,0.166666667,40
1112,74,63.27766667,-173.737,Chukchi,0.2,0.333333333,0.333333333,5
286,74,63.42,-90.75,Baffin,0.340175953,0.290322581,0.277777778,682
1242,74,71.54,-157.7489,Beaufort,0.318181818,0.333333333,0.375,22
1108,74,72.6642,177.669,Siberian,0.083333333,0.2,0.2,12
1460,74,72.85161667,-163.16425,Chukchi,0.333333333,0.333333333,0.333333333,6
1522,75,71.5358,-157.7107,Beaufort,0.3,0.222222222,0.25,20
933,75,71.62083,-174.79667,Chukchi,0.5625,0.3,0.3,32
490,75,73.06,56.72,Kara,0,0,0,8
482,75,76.01,75.34,Kara,0,0,0,33
1397,76,62.01016667,-175.063,Chukchi,0,0,0,1
283,76,63.61,-91.32,Baffin,0.380952381,0.24137931,0.277777778,231
795,76,77.83,132.23,Laptev,0.056338028,0.142857143,0.181818182,142
952,77,77.11,84.73,Kara,0.037037037,0.2,0.2,27
1072,77.5,62.056,-175.201,Chukchi,0.208333333,0.166666667,0.166666667,72
1073,77.5,62.056,-175.201,Chukchi,0.217391304,0.333333333,0.333333333,23
343,78,60.24067,-173.78583,Chukchi,0.833333333,0.75,0.75,6
979,78,62.04995,-175.2044,Chukchi,0.111111111,0.25,0.25,9
198,78,70.84,-133.89,Beaufort,0.115384615,0.307692308,0.333333333,130
1109,79,62.01633333,-175.071,Chukchi,0.02247191,0.1,0.111111111,178
450,79,62.02,-175.05,Chukchi,0,0,0,3
1531,80,62.009,-175.063,Chukchi,0,0,0,7
999,80,62.0105,-175.0575,Chukchi,0.071428571,0.125,0.142857143,14
739,80,62.166,-176.016,Chukchi,0,0,0,6
1160,80,62.894,-174.5148333,Chukchi,1,1,1,1
1352,81,62.0113,-175.0591833,Chukchi,0,0,0,3
1422,81,62.39,-174.57,Chukchi,0.571428571,0.4,0.4,7
172,81,70.81,-145.93,Beaufort,0.333333333,0.333333333,0.333333333,3
845,82,62.036,-175.247,Chukchi,0,0,0,1
1532,82,62.049,-175.206,Chukchi,0.153846154,0.142857143,0.166666667,13
1000,82,62.04983333,-175.2071667,Chukchi,0.434782609,0.25,0.25,23
282,82,63.62,-91.33,Baffin,0.359550562,0.285714286,0.294117647,89
1396,82,71.50016667,-157.6715,Beaufort,0,0,0,3
1036,82,72.976,-160.669,Chukchi,0.230769231,0.333333333,0.333333333,13
1040,83,62.01333333,-175.0565167,Chukchi,0.125,0.142857143,0.142857143,40
1128,83,62.01816667,-175.0498333,Chukchi,0.363636364,0.2,0.2,11
865,83,76.3,78.93,Kara,0.118421053,0.111111111,0.125,76
1572,83.1,71.50183,-157.6555,Beaufort,0.5,0.333333333,0.333333333,4
1009,84,62.01233333,-175.0553333,Chukchi,0,0,0,7
1129,84,62.047,-175.1963333,Chukchi,0.166666667,0.2,0.2,12
1010,84,62.0495,-175.2133333,Chukchi,0.428571429,0.4,0.4,28
1353,84,62.04981667,-175.2086,Chukchi,0.142857143,0.2,0.2,7
1106,84,71.39533333,-174.779,Chukchi,0.272727273,0.333333333,0.333333333,11
960,84,76.8,78.35,Kara,0.375,0.333333333,0.333333333,8
1135,85,62.57566667,-172.3095,Chukchi,0,0,0,37
486,85,71.142,56.617,Kara,0,0,0,4
798,85,77.55,130.13,Laptev,0.445945946,0.076923077,0.111111111,148
994,86,72.59116667,-158.6406667,Beaufort,0.111111111,0.333333333,0.333333333,18
372,86.6,55.79,-163.25,Chukchi,0.023809524,0.5,0.5,42
1423,87,62.05,-175.21,Chukchi,0.181818182,0.166666667,0.166666667,11
1571,87,71.32683,-157.30616,Beaufort,0.208,0.15,0.214285714,125
991,87,71.443,-152.4558333,Beaufort,0.465517241,0.25,0.272727273,58
1440,87,71.50155,-157.6760667,Beaufort,0.105882353,0.214285714,0.272727273,85
666,88,69.7,18.08,Barents,0.345588235,0.269230769,0.3,272
1241,88,71.5004,-157.6604,Beaufort,0.2,0.2,0.2,40
944,88,77.57,87.91,Kara,0.5,0.333333333,0.333333333,4
1209,88.7,71.32783333,-157.31575,Beaufort,0.3,0.222222222,0.222222222,40
671,89,69.62,17.98,Barents,0.424107143,0.315789474,0.4,448
1517,89,71.3262,-157.3067,Beaufort,0.322580645,0.3,0.333333333,31
1061,89.3,62.166,-176.016,Chukchi,0.058823529,0.2,0.2,17
1268,89.6,72.3772,-175.7881,Chukchi,0.25,0.285714286,0.285714286,16
1330,90,57.94,-6.24,Greenland,0.192864031,0.263157895,0.357142857,1037
1444,90,71.32895,-157.3309833,Beaufort,0.28,0.133333333,0.166666667,75
1213,90.4,71.50516667,-157.6693,Beaufort,0.240506329,0.166666667,0.181818182,79
280,91,63.42,-91.15,Baffin,0.438356164,0.333333333,0.315789474,146
1372,91,71.33051667,-157.3171833,Beaufort,0.380952381,0.375,0.375,21
1392,92,71.33033333,-157.3288333,Beaufort,0.272727273,0.25,0.25,11
632,92,77.03,126.4133333,Laptev,0.056034483,0.105263158,0.222222222,232
945,92,77.9,88.33,Kara,0.1,0.2,0.2,10
158,93,71.09,-147.97,Beaufort,0.375,0.384615385,0.555555556,16
1233,94,71.242266,-158.890604,Beaufort,0.2,0.142857143,0.142857143,20
735,96,61.167,-175.833,Chukchi,0,0,0,3
1521,96,71.4953,-157.6265,Beaufort,0.44,0.153846154,0.181818182,50
948,97,77.09,86.93,Kara,0,0,0,7
1566,97.2,70.555,-143.61483,Beaufort,0.024390244,0.142857143,0.166666667,82
28,97.5,74.08,-20.74,Greenland,0.322834646,0.285714286,0.333333333,127
733,98,60.417,-175.001,Chukchi,0,0,0,3
483,98,72.608,59.547,Kara,0.032786885,0.166666667,0.2,61
732,100,60.033,-175.766,Chukchi,0,0,0,1
738,100,61.771,-176.799,Chukchi,0,0,0,7
492,100,70.665,50.5,Barents,0.25,0.5,0.5,12
1459,100,73.036,-163.428,Chukchi,0,0,0,2
649,100,78.47166667,110.7916667,Laptev,0.058139535,0.1,0.166666667,86
18,101,63.42,-68.32,Baffin,0.465671642,0.294117647,0.454545455,335
962,101,76.22,75.89,Kara,0,0,0,6
647,101,77.17166667,118.71,Laptev,0.082644628,0.1,0.2,121
1281,101,79.226095,152.67569,Siberian,0.117647059,0.25,0.333333333,17
667,102,69.7,18.08,Barents,0.329317269,0.307692308,0.315789474,249
1030,104,72.628,-158.726,Beaufort,0.266666667,0.2,0.2,90
380,105,63.02,-77.87,Baffin,0.450563204,0.3,0.333333333,799
1238,105,71.3699,-157.419,Beaufort,0.125,0.285714286,0.285714286,16
736,106,61.267,-176.751,Chukchi,0,0,0,1
167,106,70.58,-143.63,Beaufort,0.5,0.666666667,0.666666667,4
287,107,63.66,-91.57,Baffin,0.431818182,0.333333333,0.333333333,44
1319,107,81.04166667,-96.49333333,Baffin,0,0,0,1319
1373,108,71.3575,-157.3575,Beaufort,0,0,0,2
1240,108,71.4595,-157.5827,Beaufort,0.290322581,0.333333333,0.333333333,31
734,109,60.551,-175.885,Chukchi,0,0,0,0
93,109,70.02,-137.95,Beaufort,0.181818182,0.2,0.25,66
1212,109.6,71.45453333,-157.6016167,Beaufort,0.253731343,0.235294118,0.266666667,134
493,110,70.377,47.248,Barents,0.090909091,0.25,0.25,11
1395,110,71.4555,-157.579,Beaufort,0.2,0.25,0.25,5
731,111,59.384,-174.777,Chukchi,0,0,0,1
1210,111.3,71.36845,-157.3968,Beaufort,0.185185185,0.166666667,0.2,27
1393,112,71.37233333,-157.4135,Beaufort,0.133333333,0.222222222,0.285714286,15
1441,113,71.45516667,-157.5778333,Beaufort,0.117647059,0.181818182,0.2,34
104,115,70.08,-137.83,Beaufort,0.122807018,0.2,0.307692308,228
1518,116,71.3727,-157.3803,Beaufort,0.137931034,0.25,0.285714286,29
1443,116,71.374,-157.4063333,Beaufort,0.153846154,0.333333333,0.333333333,13
564,117,78.85,12.15,Greenland,0.785714286,0.5,0.5,14
166,118,71.2,-148.6,Beaufort,0.433962264,0.277777778,0.307692308,53
1086,119,61.613,-177.122,Chukchi,0.105263158,0.333333333,0.333333333,19
677,119,69.98,18.6,Barents,0.174757282,0.277777778,0.333333333,309
49,120,67.15,12.17,Greenland,0.894192913,0.285714286,0.25,2032
1331,120,67.4,12.72,Greenland,0.883959044,0.166666667,0.142857143,2051
1520,120,71.4543,-157.5532,Beaufort,0.272727273,0.3,0.3,44
473,120,71.567,64.805,Kara,0,0,0,26
963,120,76.2,74.2,Kara,0.555555556,0.2,0.2,9
796,121,77.9,132.22,Laptev,0,0,0,104
1239,123,71.4133,-157.4983,Beaufort,0.277777778,0.307692308,0.4,54
996,123,73.61633333,-165.4753333,Chukchi,0.181818182,0.333333333,0.333333333,11
1269,123.6,72.8608,-175.7108,Chukchi,0.133333333,0.5,0.5,15
1211,124,71.41805,-157.49865,Beaufort,0.217821782,0.266666667,0.333333333,101
1394,125,71.41016667,-157.4908333,Beaufort,0.285714286,0.333333333,0.333333333,7
1320,125,81.06666667,-96.38333333,Baffin,0,0,0,239
1374,126,71.39923333,-157.4645833,Beaufort,0.5,0.5,0.5,2
1028,126,72.73025,-158.461342,Beaufort,0,0,0,2
1027,127,71.415,-157.442,Beaufort,0.4,0.363636364,0.4,20
1341,127,71.415,-157.442,Beaufort,0.35,0.285714286,0.333333333,20
797,127,77.62,130,Laptev,0.025641026,0.066666667,0.111111111,117
563,127,78.85,12.15,Greenland,0.333333333,0.333333333,0.333333333,12
106,128,69.6,-138.2,Beaufort,0.256944444,0.2,0.352941176,144
947,129,77.81,86.2,Kara,0.08,0.166666667,0.166666667,25
494,130,69.865,41.857,Barents,0,0,0,1
1442,130,71.4935,-157.4935,Beaufort,0.428571429,0.333333333,0.428571429,21
995,130,73.10633333,-162.9406667,Chukchi,0.09,0.214285714,0.272727273,100
1519,131,71.4095,-157.4497,Beaufort,0.218461538,0.238095238,0.294117647,325
623,132,77.89166667,101.5916667,Kara,0.108843537,0.076923077,0.142857143,147
654,133,71.500278,-157.017778,Beaufort,0.6,0.5,0.5,10
47,136,68.78,13.05,Greenland,0.817582418,0.25,0.333333333,455
400,137,54.38,-56.93,Baffin,0.386117137,0.285714286,0.333333333,461
737,137,60.784,-177.617,Chukchi,1,1,1,1
1288,139,66.6,-13.66,Greenland,1,1,1,2
622,143,77.70666667,102.2883333,Kara,0.101449275,0.111111111,0.166666667,69
41,145,68.24,11.16,Greenland,0.943661972,0.444444444,0.571428571,213
399,146,56.9,-60.58,Baffin,1,1,1,6
3,146,63.18,-67.83,Baffin,0.590361446,0.235294118,0.333333333,83
621,148,78.03,102.305,Kara,0.333333333,0.142857143,0.2,12
1166,150,73.7187,-168.3386,Chukchi,0.076923077,0.125,0.142857143,13
1321,150,81.165,-96.09166667,Baffin,0.000860956,0.043478261,0.090909091,2323
40,152,67.53,11.08,Greenland,0.675,0.25,0.25,40
663,153,69.7,18.1,Barents,0.367647059,0.333333333,0.333333333,136
1277,153,77.582315,163.294001,Siberian,0.028571429,0.142857143,0.25,35
44,158,67.48,12.35,Greenland,0.857142857,0.5,0.5,35
956,158,77.91,79.49,Kara,0.266666667,0.2,0.2,15
36,160,70.73,36.75,Barents,0,0,0,0
946,160,77.9,83.77,Kara,0.04,0.2,0.2,25
959,162,76.99,75.19,Kara,0.113636364,0.111111111,0.142857143,44
990,163,71.54566667,-152.2993333,Beaufort,0.228070175,0.166666667,0.166666667,57
1318,171,70.83,18,Barents,0.6,0.272727273,0.3,35
961,173,76.52,74.52,Kara,0.666666667,0.25,0.25,9
954,174,77.92,77.37,Kara,0.086956522,0.125,0.142857143,46
1345,176,71.592,-152.448,Beaufort,0,0,0,56
1322,180.8,81.185,-96.00333333,Baffin,0.019230769,0.066666667,0.125,52
45,182,70.15,17.2,Barents,0.681818182,0.375,0.428571429,22
955,182,77.89,81.5,Kara,0.166666667,0.25,0.333333333,12
46,184,69.82,17.63,Barents,0.68125,0.304347826,0.294117647,320
1034,186,71.579,-156.018,Beaufort,0.5,0.5,0.5,2
43,188.5,67.6,10.55,Greenland,0.969465649,0.25,0.2,131
48,190,70.48,17.45,Barents,0.847031963,0.25,0.333333333,438
629,191,78.07166667,133.6083333,Laptev,0,0,0,107
1555,192.4,71.42033,-152.03883,Beaufort,0.517241379,0.5,0.5,29
42,193,70.53,18.38,Barents,0.689655172,0.25,0.333333333,29
646,193,77.24666667,118.5533333,Laptev,0.106557377,0.166666667,0.333333333,122
506,197,80.8117,30.12,Barents,0,0,0,32
29,200,66.72,-80.12,Baffin,0.607142857,0.333333333,0.5,28
27,200,75.33,-19,Greenland,0.201520913,0.275862069,0.444444444,263
581,201,73.69333333,-162.6633333,Chukchi,0,0,0,9
887,211,70.92222,58.90194,Kara,0.079365079,0.166666667,0.285714286,126
1035,217,73.101,-160.505,Chukchi,1,1,1,3
1170,220,72.7932,-158.9762,Beaufort,0,0,0,1
1,220,79.5,-65,Baffin,0,0,0,2
75,223,75.83,71.6,Kara,0.109090909,0.222222222,0.25,55
653,229,77.9,105.0833333,Laptev,0,0,0,16
1339,230,63.35,-73,Baffin,0.228571429,0.25,0.285714286,35
652,235,78.58166667,111.3866667,Laptev,0.064220183,0.071428571,0.111111111,109
92,240,70.18,-137.99,Beaufort,0.375,0.416666667,0.454545455,56
1039,249,72.73025,-158.461342,Beaufort,0,0,0,12
381,250,63.8,-77.83,Baffin,0.295384615,0.333333333,0.428571429,325
1323,250,81.72666667,-93.4,Baffin,0.025316456,0.066666667,0.111111111,158
72,265,81.46,97.57,Kara,0,0,0,869
1283,276,79.664639,154.126259,Siberian,0.136363636,0.111111111,0.166666667,44
801,276.4,77.28,120.06,Laptev,0.112676056,0.176470588,0.214285714,213
636,284,77.08333333,126.2233333,Laptev,0.125,0.181818182,0.25,48
953,295,77.92,75.96,Kara,0,0,0,6
1324,300,81.77666667,-96.06333333,Baffin,0.003465003,0.05,0.111111111,1443
96,322,70.36,-137.55,Beaufort,0.278481013,0.19047619,0.285714286,79
71,322,76.85,-7.17,Greenland,0.0625,0.125,0.166666667,16
484,332,72.35,56.838,Kara,0,0,0,3
1276,349,76.409,173.8808,Siberian,0.17721519,0.25,0.333333333,79
1278,367,78.22384,164.42092,Siberian,0.069498069,0.083333333,0.125,259
1282,378,79.742123,154.3893,Siberian,0.009090909,0.090909091,0.125,110
1260,395.9,70.58288333,-142.4083167,Beaufort,0.333333333,0.5,0.5,3
1258,401.4,72.14395,-155.3685833,Beaufort,0,0,0,2
591,402,76.09,-164.83,Chukchi,0.019774011,0.090909091,0.2,354
73,421,81.62,75.33,Kara,0,0,0,420
1259,426.5,70.9529,-145.6548667,Beaufort,0.25,0.5,0.5,4
1271,446,75.0567,-179.819,Chukchi,0.1,0.166666667,0.2,30
1263,447,71.28933333,-126.2803333,Beaufort,0.5,0.5,0.5,2
442,458,70.31583333,-8.653,Greenland,0.697095436,0.066666667,0.111111111,241
613,459,73.64666667,22.92333333,Barents,0,0,0,1
505,461,81.465,31.2767,Barents,0.34375,0.153846154,0.222222222,192
439,482,75.47166667,-11.68666667,Greenland,0.35078534,0.125,0.222222222,382
1274,501,76.3203,175.8802,Siberian,0.409090909,0.25,0.25,110
628,517,78.09833333,133.5133333,Laptev,0.411764706,0.2,0.25,17
1279,522,78.664366,165.03303,Siberian,0.038461538,0.058823529,0.076923077,520
1270,524,75.1533,179.873,Siberian,0.222222222,0.142857143,0.2,18
645,524,77.39166667,118.1916667,Laptev,0.020833333,0.071428571,0.142857143,48
1343,526,72.838,-158.283,Beaufort,0,0,0,3
710,528,75.35,-170.5,Chukchi,0,0,0,1
711,528,75.35,-170.5,Chukchi,0,0,0,13
635,552,77.135,126.3533333,Laptev,0.162790698,0.071428571,0.166666667,43
560,552,80.26833333,6.627,Greenland,0.070422535,0.166666667,0.166666667,71
650,557,78.7,112.515,Laptev,0,0,0,180
499,562,75.61566667,14.13,Greenland,0.85483871,0.25,0.285714286,372
561,562,80.287,6.578,Greenland,0.063291139,0.1,0.1,158
74,567,81.59,67.53,Kara,0.108974359,0.125,0.25,156
1033,568,73.248,-160.317,Chukchi,0,0,0,19
582,585,74.50966667,-159.9771667,Beaufort,0,0,0,15
411,590,84.18833333,-24.91,Greenland,0,0,0,988
1032,599,71.93,-154.887,Beaufort,0.259259259,0.363636364,0.363636364,27
1342,599,71.93,-154.887,Beaufort,0.113636364,0.142857143,0.142857143,44
1351,612,72,-154.708,Beaufort,0,0,0,2
1325,638,81.30833333,-100.475,Beaufort,0,0,0,368
1264,642,71.52383333,-131.3118333,Beaufort,0,0,0,2
1031,645,71.93123,-154.868722,Beaufort,0.283018868,0.266666667,0.333333333,53
1262,674,71.08928333,-135.1466333,Beaufort,0.111111111,0.25,0.333333333,18
1261,686.3,70.40248333,-139.3091333,Beaufort,1,1,1,3
1273,733,76.36782,176.43265,Siberian,0.694915254,0.25,0.25,59
1265,746,71.45333333,-132.87015,Beaufort,0,0,0,4
504,752,81.5083,30.9067,Barents,0.051020408,0.076923077,0.111111111,98
1286,837,85.141248,151.590144,Siberian,0.073566085,0.0625,0.083333333,802
410,845,84.61333333,-32.13,Greenland,0,0,0,593
434,850,74.17666667,-14.58,Greenland,0.01369863,0.090909091,0.166666667,73
501,861,81.3667,17.4717,Barents,0,0,0,25
559,874,80.47,8.128,Greenland,0.546875,0.166666667,0.2,64
1287,886,84.27605,148.713423,Laptev,0,0,0,1000
606,893,74.755,-157.887,Beaufort,0,0,0,480
558,897,80.47333333,8.205,Greenland,0.484848485,0.166666667,0.2,33
627,981,78.16666667,133.395,Laptev,0,0,0,1
1280,982,78.796924,165.366435,Siberian,0,0,0,78
412,1010,83.145,-16.28833333,Greenland,0,0,0,471
540,1018,88.78166667,144.55,Laptev,0,0,0,424
698,1020,88.8,142.98,Laptev,0,0,0,582
699,1020,88.8,142.98,Laptev,0,0,0,445
1275,1023,76.5118,176.631725,Siberian,0.113402062,0.166666667,0.25,97
620,1024,82.16,42.045,Barents,0,0,0,158
634,1026,77.18333333,126.2233333,Laptev,0,0,0,5
714,1031,78.13,-176.75,Chukchi,0,0,0,432
715,1031,78.13,-176.75,Chukchi,0,0,0,459
441,1047,76.92333333,-6.083333333,Greenland,0.034883721,0.1,0.166666667,86
536,1051,87.53333333,144.382,Laptev,0,0,0,307
584,1055,74.82033333,-157.558,Beaufort,0,0,0,350
988,1057,72.8955,-158.3268333,Beaufort,0,0,0,13
548,1074,85.32666667,-14,Greenland,0,0,0,250
550,1083,85.105,-14.39,Greenland,0,0,0,463
549,1083,85.10666667,-14.378,Greenland,0,0,0,693
644,1108,77.53333333,118.4583333,Laptev,0,0,0,9
1272,1118,76.18634,-179.27846,Chukchi,0.014492754,0.333333333,0.333333333,138
1284,1145,79.91958,154.353827,Siberian,0,0,0,10
1326,1150,82.16,-102.565,Beaufort,0,0,0,739
1285,1157,79.92042,143.16446,Laptev,0,0,0,5
403,1176,86.875,-62.01833333,Baffin,0,0,0,101
446,1182,77.08566667,-3.988,Greenland,0,0,0,116
414,1192,87.24833333,-58.29166667,Baffin,0,0,0,334
435,1195,78.39,1.093333333,Greenland,0,0,0,92
402,1200,87.11,-61.85666666,Baffin,0,0,0,234
651,1216,78.76166667,112.7033333,Laptev,0,0,0,61
529,1228,87.74666667,138.157,Laptev,0,0,0,573
528,1230,87.74666667,138.028,Laptev,0,0,0,361
1466,1231,73.32916667,-160.1617667,Chukchi,0,0,0,4
498,1348,82.662,47.92,Barents,0,0,0,113
1316,1351,78.03683333,-176.2965,Chukchi,0,0,0,338
1317,1363,78.14166667,-176.0608333,Chukchi,0,0,0,401
590,1388,75.73,-160.09,Chukchi,0,0,0,525
525,1388,88.03666667,134.918,Laptev,0,0,0,250
503,1394,81.5783,30.7767,Barents,0,0,0,33
585,1402,74.82366667,-157.4256667,Beaufort,0,0,0,322
1290,1478,78.6135,-175.9273333,Chukchi,0,0,0,397
417,1485,85.87333333,-108.6466667,Beaufort,0,0,0,161
643,1497,77.67,118.575,Laptev,0,0,0,4
418,1500,85.86666667,-108.2583333,Beaufort,0,0,0,259
1311,1532,84.92866667,-126.7228333,Beaufort,0,0,0,1382
682,1533,80.3388,-178.7118,Chukchi,0,0,0,406
683,1533,80.3388,-178.7118,Chukchi,0,0,0,669
607,1536,74.74,-157.46,Beaufort,0,0,0,926
500,1536,75.4895,13.02,Greenland,0.08045977,0.142857143,0.222222222,87
409,1559,84.855,-34.69833333,Greenland,0,0,0,322
419,1585,85.635,-110.1166667,Beaufort,0,0,0,108
680,1609,79.983,-174.283,Chukchi,0,0,0,566
681,1609,79.983,-174.283,Chukchi,0,0,0,1291
416,1610,79.4,-178.0833333,Chukchi,0,0,0,73
534,1640,87.612,148.14,Laptev,0,0,0,840
535,1674,87.612,148.253,Laptev,0,0,0,942
1293,1717,79.929,-174.4548333,Chukchi,0,0,0,592
420,1730,85.73166667,-108.865,Beaufort,0,0,0,388
1309,1753,85.075,-130.634,Beaufort,0,0,0,134
633,1760,77.48,125.9033333,Laptev,0,0,0,18
448,1761,75.05833333,2.975,Greenland,0,0,0,28
1289,1763,78.17016667,-174.5038333,Chukchi,0,0,0,64
608,1779,74.74,-157.39,Beaufort,0,0,0,284
438,1783,73.74666667,-14.86166667,Greenland,0.041666667,0.142857143,0.2,144
1306,1785,85.14533333,-138.2318333,Beaufort,0,0,0,116
514,1794,86.44,60.072,Kara,0,0,0,214
447,1795,76.91883333,-3.3835,Greenland,0.022222222,0.066666667,0.1,180
1336,1824,78.02666667,-4.66,Greenland,0,0,0,159
583,1845,74.99566667,-159.3045,Beaufort,0,0,0,73
642,1927,77.98166667,118.5716667,Laptev,0,0,0,25
609,1942,74.74,-157.36,Beaufort,0,0,0,299
1302,1971,85.1305,-142.8538333,Beaufort,0,0,0,439
700,1990,88.867,140.18,Laptev,0,0,0,122
701,1990,88.867,140.18,Laptev,0,0,0,293
637,1991,77.69333333,125.8933333,Laptev,0,0,0,35
537,2004,88.513,140.363,Laptev,0,0,0,163
1307,2016,84.87733333,-136.0401667,Beaufort,0,0,0,302
533,2016,87.60166667,148.83,Laptev,0,0,0,464
562,2019,79.71,5.26,Greenland,0,0,0,18
619,2025,82.4,40.89333333,Barents,0,0,0,55
513,2030,86.335,59.267,Kara,0,0,0,700
696,2035,88.067,146.783,Laptev,0,0,0,459
697,2035,88.067,146.783,Laptev,0,0,0,456
538,2036,88.515,140.49,Laptev,0,0,0,306
440,2059,75.31333333,-10.98333333,Greenland,0,0,0,63
576,2061,76.4765,8.7375,Greenland,0,0,0,241
1291,2095,79.5295,-174.1273333,Chukchi,0,0,0,347
443,2109,72.30033333,-11.30266667,Greenland,0,0,0,87
436,2118,72.61666667,-13.84,Greenland,0,0,0,118
586,2120,74.825,-157.205,Beaufort,0,0,0,144
589,2135,75.74,-160.86,Chukchi,0,0,0,143
577,2162,76.74966667,8.195833333,Greenland,0,0,0,201
579,2200,77.06666667,6.363,Greenland,0,0,0,198
712,2214,76.65,-173.33,Chukchi,0,0,0,61
713,2214,76.65,-173.33,Chukchi,0,0,0,496
1312,2215,86.05133333,-133.9215,Beaufort,0,0,0,201
684,2217,81.265,179.967,Siberian,0,0,0,108
685,2217,81.265,179.967,Siberian,0,0,0,401
1301,2217,84.887,-143.31,Beaufort,0,0,0,23
408,2250,84.93166667,-36.30333333,Greenland,0,0,0,178
580,2259,76.63666667,6.405,Greenland,0,0,0,288
1300,2262,84.39,-143.8531667,Beaufort,0,0,0,885
1304,2263,85.4155,-145.2141667,Beaufort,0,0,0,43
1303,2277,85.4715,-143.142,Beaufort,0,0,0,258
610,2320,74.738,-157.306,Beaufort,0,0,0,418
638,2332,78.06,125,Laptev,0.016949153,0.125,0.2,59
578,2362,76.86733333,8.405,Greenland,0,0,0,361
413,2370,87.25666667,-48.17,Baffin,0,0,0,9
686,2400,82.44666,175.758,Siberian,0,0,0,206
687,2400,82.44666,175.758,Siberian,0,0,0,336
1305,2424,85.73,-142.652,Beaufort,0,0,0,441
557,2439,82.063,15.717,Barents,0,0,0,82
616,2462,82.20333333,34.61333333,Barents,0,0,0,6
611,2476,74.74,-157.28,Beaufort,0,0,0,121
556,2485,82.06666667,15.767,Barents,0,0,0,38
532,2489,87.57166667,151.12,Siberian,0,0,0,356
626,2520,78.48333333,133.0016667,Laptev,0,0,0,65
612,2560,74.73,-157.29,Beaufort,0,0,0,372
617,2566,82.48666667,37.74,Barents,0,0,0,11
641,2620,78.66666667,118.7383333,Laptev,0,0,0,85
1308,2674,84.29666667,-135.1028333,Beaufort,0,0,0,96
1299,2681,83.789,-145.8486667,Beaufort,0,0,0,31
1310,2732,84.47466667,-131.3718333,Beaufort,0,0,0,78
407,2750,85.365,-42.04666667,Greenland,0,0,0,40
406,2750,85.59,-48.86,Baffin,0,0,0,57
415,2793,81.31333333,155.4383333,Siberian,0,0,0,12
1292,2810,79.58733333,-172.4938333,Chukchi,0,0,0,166
449,2857,74.4845,5.407166667,Greenland,0,0,0,178
404,2859,86,-49.67,Baffin,0,0,0,13
614,2876,81.705,30.33,Barents,0,0,0,387
507,2900,81.755,29.99833333,Barents,0,0,0,25
615,2915,81.71666667,30.34833333,Barents,0,0,0,4
502,2932,81.6967,30.4917,Barents,0,0,0,60
596,2934,72.87,-155.8,Beaufort,0,0,0,1
605,2940,72.14,-141.14,Beaufort,0,0,0,7
1295,2962,79.91216667,-171.4446667,Chukchi,0,0,0,96
553,2993,85.27833333,-2.505,Greenland,0,0,0,59
618,2995,82.76333333,40.24333333,Barents,0,0,0,20
405,3000,85.68,-45.81666667,Baffin,0,0,0,18
1297,3021,80.2905,-159.5156667,Beaufort,0,0,0,34
511,3040,86.24166667,59.215,Kara,0,0,0,233
512,3047,86.24166667,59.233,Kara,0,0,0,264
640,3048,79.155,119.7816667,Laptev,0,0,0,199
688,3110,83.167,174.1,Siberian,0,0,0,64
689,3110,83.167,174.1,Siberian,0,0,0,297
444,3125,73.73416667,-9.625333333,Greenland,0,0,0,76
587,3130,74.81333333,-157.1033333,Beaufort,0,0,0,149
690,3193,84.1,174.98,Siberian,0,0,0,63
691,3193,84.1,174.98,Siberian,0,0,0,347
1294,3198,80.36983333,-172.5653333,Chukchi,0,0,0,155
639,3233,79.21666667,122.9066667,Laptev,0,0,0,132
1296,3242,79.68733333,-170.2241667,Chukchi,0,0,0,66
445,3245,74.86766667,-10.1095,Greenland,0,0,0,23
531,3331,87.59666667,153.375,Siberian,0,0,0,234
597,3365,74.74,-157.19,Beaufort,0,0,0,408
625,3429,79.65166667,130.535,Laptev,0.084507042,0.125,0.2,71
706,3450,85.717,37.742,Barents,0,0,0,52
707,3450,85.717,37.742,Barents,0,0,0,595
692,3475,85.9,166.833,Siberian,0,0,0,43
693,3475,85.9,166.833,Siberian,0,0,0,276
598,3482,74.74,-157.16,Beaufort,0,0,0,22
604,3498,73.87,-140.61,Beaufort,0,0,0,360
437,3509,74.33833333,-5.191666667,Greenland,0,0,0,53
515,3636,86.86,59.765,Kara,0,0,0,93
1315,3678,75.8765,-139.054,Beaufort,0,0,0,31
603,3680,74.6,-142.1,Beaufort,0,0,0,224
1313,3707,76.21416667,-142.0486667,Beaufort,0,0,0,6
1314,3709,75.726,-140.6131667,Beaufort,0,0,0,118
1298,3743,82.45783333,-162.0551667,Chukchi,0,0,0,3
547,3767,85.565,-9.058,Greenland,0,0,0,104
508,3800,82.775,29.925,Barents,0,0,0,181
602,3808,75.34,-150.01,Beaufort,0,0,0,68
588,3811,74.82433333,-156.8728333,Beaufort,0,0,0,33
539,3813,88.735,126.858,Laptev,0,0,0,148
599,3818,74.73,-156.88,Beaufort,0,0,0,87
600,3831,75.81,-155.13,Beaufort,0,0,0,287
601,3842,75.82,-155.01,Beaufort,0,0,0,129
517,3846,87.51,55.933,Kara,0,0,0,70
545,3873,86.22833333,9.593,Greenland,0,0,0,202
694,3890,87.15,160.533,Siberian,0,0,0,39
695,3890,87.15,160.533,Siberian,0,0,0,313
551,3899,85.05833333,-13.035,Greenland,0,0,0,212
702,3930,88.9995,137.495,Laptev,0,0,0,17
703,3930,88.9995,137.495,Laptev,0,0,0,91
708,3940,84.267,34.617,Barents,0,0,0,30
709,3940,84.267,34.617,Barents,0,0,0,123
555,3949,83.045,10.125,Greenland,0,0,0,140
546,3958,85.95166667,0.115,Greenland,0,0,0,127
510,3981,85.795,50.82666667,Barents,0,0,0,14
495,4004,83.7065,33.38,Barents,0,0,0,279
530,4005,87.62666667,156.675,Siberian,0,0,0,117
527,4008,88.022,159.585,Siberian,0,0,0,66
526,4009,88.00333333,159.233,Siberian,0,0,0,96
509,4010,83.94833333,30.285,Barents,0,0,0,113
497,4018,84.807,40.6,Barents,0,0,0,53
554,4046,83.225,8.573,Greenland,0,0,0,30
496,4052,84.18533333,33.94,Barents,0,0,0,280
519,4083,87.6,60.895,Kara,0,0,0,54
704,4180,89.983,40.5065,Barents,0,0,0,12
705,4180,89.983,40.5065,Barents,0,0,0,128
518,4226,87.59,60.767,Kara,0,0,0,24
541,4240,89.98333333,-84.745,Baffin,0,0,0,27
552,4283,84.64333333,-6.766666667,Greenland,0,0,0,31
544,4326,86.59333333,7.488,Greenland,0,0,0,43
543,4337,87.51833333,11.258,Greenland,0,0,0,83
524,4364,87.77666667,108.167,Laptev,0,0,0,21
542,4375,88.26166667,9.878,Greenland,0,0,0,41
520,4384,87.585,68.978,Kara,0,0,0,59
521,4391,87.26,68.378,Kara,0,0,0,18
523,4411,87.59,103.727,Kara,0,0,0,35
516,4425,86.935,59.075,Kara,0,0,0,19
522,4426,87.485,91.338,Kara,0,0,0,28
1046,13.5,69.37817,169.41583,Siberian,0.122661123,0.1,0.125,481
1053,15.2,69.34833,170.15617,Siberian,0.147129764,0.25,0.25,8292
1055,15.9,69.553,169.92117,Siberian,0.015918195,0.235294118,0.266666667,9486
1041,18,73.14133,134.64467,Laptev,0.012260536,0.142857143,0.181818182,1305
1042,22,73.84933,137.15933,Laptev,0.045808124,0.2,0.230769231,1157
263,14,62.968611,-165.273611,Chukchi,0,0,0,30
297,2,63.142,-163.157,Chukchi,0,0,0,3
298,2,63.173,-163.263,Chukchi,0,0,0,2
299,2,63.212,-163.255,Chukchi,0,0,0,216
262,67,63.518056,-165.718333,Chukchi,0.03960396,0.25,0.25,101
273,62,63.751111,-167.001389,Chukchi,0.015228426,0.25,0.25,197
272,64,63.952222,-167.800833,Chukchi,0,0,0,4
271,61,63.967778,-169.368333,Chukchi,0.075,0.25,0.285714286,40
261,59,63.968611,-164.489444,Chukchi,0.25,0.25,0.25,16
266,30,64.05,-163.585556,Chukchi,0,0,0,25
264,14,64.083611,-165.483056,Chukchi,0,0,0,186
270,64,64.119167,-171.3,Chukchi,0.5,0.5,0.5,2
277,64,64.119167,-171.3,Chukchi,1,1,1,2
260,6,64.150556,-165.385,Chukchi,0.026666667,0.285714286,0.285714286,75
265,22,64.185278,-165.534722,Chukchi,0.129032258,0.333333333,0.333333333,31
269,59,64.335278,-170.250278,Chukchi,0,0,0,6
267,21,64.435556,-165.284722,Chukchi,0,0,0,7
1327,5,64.5,-165.5,Chukchi,0.074074074,0.230769231,0.25,135
1328,5,64.5,-165.5,Chukchi,0.07120743,0.136363636,0.1875,323
268,61,65.235833,-167.751944,Chukchi,0.225806452,0.285714286,0.285714286,31
882,67,66.535833,-170.016944,Chukchi,0,0,0,3
137,38,69.01666667,-166.1,Chukchi,0.166666667,0.5,0.5,6
142,30,69.01666667,-164.15,Chukchi,0.075085324,0.4,0.444444444,293
140,35,69.03,-165.05,Chukchi,0.076923077,0.333333333,0.333333333,13
147,30,69.03333333,-164.1333333,Chukchi,0,0,0,101
136,38,69.06666667,-166.15,Chukchi,0.5,0.5,0.5,2
143,30,69.1,-164.1333333,Chukchi,0,0,0,28
148,30,69.1,-164.1,Chukchi,0.125,0.333333333,0.333333333,24
145,30,69.13333333,-164.1,Chukchi,0.033707865,0.2,0.2,89
146,30,69.15,-164.1,Chukchi,0.035714286,0.2,0.2,56
876,39,69.181944,-180,Chukchi,0,0,0,4
877,61,69.670278,-176.834722,Chukchi,0,0,0,1
881,94,69.688333,-173.568889,Chukchi,0.5,0.5,0.5,2
874,40,70.070278,-171.514722,Chukchi,0,0,0,7
872,47,70.100833,-168.434167,Chukchi,0.698113208,0.333333333,0.333333333,106
875,17,70.151944,-175.401667,Chukchi,0.666666667,0.5,0.5,3
871,13,70.3025,-168.233611,Chukchi,0.029411765,0.125,0.125,34
880,91,70.335833,-174.294722,Chukchi,1,1,1,1
873,65,70.541944,-170.666111,Chukchi,0,0,0,7
879,14,70.996944,-170.619167,Chukchi,0.5,0.5,0.5,6
878,40,71.011111,-174.58,Chukchi,0,0,0,1
1337,74,76.5,-69.12,Baffin,0.5,0.5,0.444444444,80
376,22,64.18,-165.53,Chukchi,0.137931034,0.285714286,0.333333333,29
131,28,69,-166.0666667,Chukchi,0,0,0,51
128,47,69.06666667,-167.0333333,Chukchi,0.75,0.666666667,0.666666667,4
23,492,70,-52.5,Baffin,0.638461538,0.466666667,0.4,130
383,10,70.32925,-161.44785,Chukchi,0,0,0,73
384,10,70.36929,-161.6062,Chukchi,0,0,0,51
393,15,70.8348,-158.23021,Beaufort,0.170212766,0.227272727,0.333333333,188
397,3,70.87266,-157.87974,Beaufort,0.037267081,0.1,0.125,161
398,3,70.87266,-157.87974,Beaufort,0.041958042,0.230769231,0.3,286
395,10,70.93045,-157.61289,Beaufort,0.273775216,0.266666667,0.363636364,347
396,4,70.93518,-157.62725,Beaufort,0.076576577,0.230769231,0.3,222
394,10,70.98072,-157.42988,Beaufort,0.106951872,0.222222222,0.333333333,187